Full Scene ID,Scene Name,Scene Code,File Location,Character Name 1,Character Code 1,Character Name 2,Character Code 2,Character Name 3,Character Code 3,Character Name 4,Character Code 4,Number of Speakers,Party Banter Source File
CAMP_Night1_CRD_Laezel_b8a8e03b-d221-7b7e-3053-fb6cb6313c42,CAMP_Night1_CRD_Laezel,b8a8e03b-d221-7b7e-3053-fb6cb6313c42,C:\Users\Administrator\Downloads\bg3-modders-multitool\UnpackedData\Gustav\Mods\Gustav\Story\RawFiles\Goals\Act1a_Camp.txt,S_Player_Laezel,58a69333-40bf-8358-1d17-fff240d7fb12,,,,,,,2,Mods/Gustav/Story/Dialogs/Camp/Camp_Relationship_Dialogs/CAMP_Night1_CRD_Laezel.lsj
CAMP_Night1_CRD_Gale_7b7bcf3d-98bd-56bb-d4f0-6cf8461e40d7,CAMP_Night1_CRD_Gale,7b7bcf3d-98bd-56bb-d4f0-6cf8461e40d7,C:\Users\Administrator\Downloads\bg3-modders-multitool\UnpackedData\Gustav\Mods\Gustav\Story\RawFiles\Goals\Act1a_Camp.txt,S_Player_Gale,ad9af97d-75da-406a-ae13-7071c563f604,,,,,,,2,Mods/Gustav/Story/Dialogs/Camp/Camp_Relationship_Dialogs/CAMP_Night1_CRD_Gale.lsj
CAMP_Night1_CRD_Astarion_f688b8d7-4838-3ff1-d3a5-404e0457aa88,CAMP_Night1_CRD_Astarion,f688b8d7-4838-3ff1-d3a5-404e0457aa88,C:\Users\Administrator\Downloads\bg3-modders-multitool\UnpackedData\Gustav\Mods\Gustav\Story\RawFiles\Goals\Act1a_Camp.txt,S_Player_Astarion,c7c13742-bacd-460a-8f65-f864fe41f255,,,,,,,2,Mods/Gustav/Story/Dialogs/Camp/Camp_Relationship_Dialogs/CAMP_Night1_CRD_Astarion.lsj
CAMP_Night1_CRD_Shadowheart_04e27ea1-5c2b-46c5-fcfe-ab88d27ab91d,CAMP_Night1_CRD_Shadowheart,04e27ea1-5c2b-46c5-fcfe-ab88d27ab91d,C:\Users\Administrator\Downloads\bg3-modders-multitool\UnpackedData\Gustav\Mods\Gustav\Story\RawFiles\Goals\Act1a_Camp.txt,S_Player_ShadowHeart,3ed74f06-3c60-42dc-83f6-f034cb47c679,,,,,,,2,Mods/Gustav/Story/Dialogs/Camp/Camp_Relationship_Dialogs/CAMP_Night1_CRD_Shadowheart.lsj
CAMP_Night1_CRD_Karlach_e85a33d7-8670-3845-df8b-8f26211c9f42,CAMP_Night1_CRD_Karlach,e85a33d7-8670-3845-df8b-8f26211c9f42,C:\Users\Administrator\Downloads\bg3-modders-multitool\UnpackedData\Gustav\Mods\Gustav\Story\RawFiles\Goals\Act1a_Camp.txt,S_Player_Karlach,2c76687d-93a2-477b-8b18-8a14b549304c,,,,,,,2,Mods/GustavDev/Story/Dialogs/Camp/Camp_Relationship_Dialogs/CAMP_Night1_CRD_Karlach.lsj
CAMP_Night1_CRD_Narrator_e124613c-31dc-41ec-08d8-0fd37dc9e12e,CAMP_Night1_CRD_Narrator,e124613c-31dc-41ec-08d8-0fd37dc9e12e,C:\Users\Administrator\Downloads\bg3-modders-multitool\UnpackedData\Gustav\Mods\Gustav\Story\RawFiles\Goals\Act1a_Camp.txt,NULL,00000000-0000-0000-0000-000000000000,,,,,,,0,Mods/Gustav/Story/Dialogs/Camp/Camp_Relationship_Dialogs/CAMP_Night1_CRD_Narrator.lsj
CAMP_Night2_CRD_Gale_adae2da4-11a7-2966-db5a-8342d8e64e15,CAMP_Night2_CRD_Gale,adae2da4-11a7-2966-db5a-8342d8e64e15,C:\Users\Administrator\Downloads\bg3-modders-multitool\UnpackedData\Gustav\Mods\Gustav\Story\RawFiles\Goals\Act1_ORI_Gale.txt,,,,,,,,,2,Mods/Gustav/Story/Dialogs/Camp/Camp_Relationship_Dialogs/CAMP_Night2_CRD_Gale.lsj
CAMP_Night2_CRD_Laezel_c6f1aaba-fe42-ce03-de98-e9c7c95d5c30,CAMP_Night2_CRD_Laezel,c6f1aaba-fe42-ce03-de98-e9c7c95d5c30,C:\Users\Administrator\Downloads\bg3-modders-multitool\UnpackedData\Gustav\Mods\Gustav\Story\RawFiles\Goals\Act1a_Camp.txt,S_Player_Laezel,58a69333-40bf-8358-1d17-fff240d7fb12,,,,,,,2,Mods/Gustav/Story/Dialogs/Camp/Camp_Relationship_Dialogs/CAMP_Night2_CRD_Laezel.lsj
CAMP_Night2_CRD_Shadowheart_de06bf69-2f6f-6016-26ff-63de06e82daf,CAMP_Night2_CRD_Shadowheart,de06bf69-2f6f-6016-26ff-63de06e82daf,C:\Users\Administrator\Downloads\bg3-modders-multitool\UnpackedData\Gustav\Mods\Gustav\Story\RawFiles\Goals\Act1a_Camp.txt,S_Player_ShadowHeart,3ed74f06-3c60-42dc-83f6-f034cb47c679,,,,,,,2,Mods/Gustav/Story/Dialogs/Camp/Camp_Relationship_Dialogs/CAMP_Night2_CRD_Shadowheart.lsj
CAMP_Night2_CRD_Astarion_dd1cae92-4bf5-d27e-abcc-7754e70fa320,CAMP_Night2_CRD_Astarion,dd1cae92-4bf5-d27e-abcc-7754e70fa320,C:\Users\Administrator\Downloads\bg3-modders-multitool\UnpackedData\Gustav\Mods\Gustav\Story\RawFiles\Goals\Act1a_Camp.txt,S_Player_Astarion,c7c13742-bacd-460a-8f65-f864fe41f255,,,,,,,2,Mods/Gustav/Story/Dialogs/Camp/Camp_Relationship_Dialogs/CAMP_Night2_CRD_Astarion.lsj
CAMP_Night2_CRD_Karlach_de9735e5-42de-c97f-75c4-764d9d27da46,CAMP_Night2_CRD_Karlach,de9735e5-42de-c97f-75c4-764d9d27da46,C:\Users\Administrator\Downloads\bg3-modders-multitool\UnpackedData\Gustav\Mods\Gustav\Story\RawFiles\Goals\Act1a_Camp.txt,S_Player_Karlach,2c76687d-93a2-477b-8b18-8a14b549304c,,,,,,,2,Mods/GustavDev/Story/Dialogs/Camp/Camp_Relationship_Dialogs/CAMP_Night2_CRD_Karlach.lsj
CAMP_Night2_CRD_Wyll_31357cc7-4600-d175-795c-c57e87bcc7df,CAMP_Night2_CRD_Wyll,31357cc7-4600-d175-795c-c57e87bcc7df,C:\Users\Administrator\Downloads\bg3-modders-multitool\UnpackedData\Gustav\Mods\Gustav\Story\RawFiles\Goals\Act1a_Camp.txt,S_Player_Wyll,c774d764-4a17-48dc-b470-32ace9ce447d,,,,,,,2,Mods/GustavDev/Story/Dialogs/Camp/Camp_Relationship_Dialogs/CAMP_Night2_CRD_Wyll.lsj
CAMP_Night2_CRD_Narrator_0bcb1183-e824-8082-bf9b-b989364b9186,CAMP_Night2_CRD_Narrator,0bcb1183-e824-8082-bf9b-b989364b9186,C:\Users\Administrator\Downloads\bg3-modders-multitool\UnpackedData\Gustav\Mods\Gustav\Story\RawFiles\Goals\Act1a_Camp.txt,NULL,00000000-0000-0000-0000-000000000000,,,,,,,0,Mods/Gustav/Story/Dialogs/Camp/Camp_Relationship_Dialogs/CAMP_Night2_CRD_Narrator.lsj
CAMP_Night3_CRD_Shadowheart_1a79be2f-a773-0308-fa36-8fd433e2a5a5,CAMP_Night3_CRD_Shadowheart,1a79be2f-a773-0308-fa36-8fd433e2a5a5,C:\Users\Administrator\Downloads\bg3-modders-multitool\UnpackedData\Gustav\Mods\Gustav\Story\RawFiles\Goals\Act1a_Camp.txt,S_Player_ShadowHeart,3ed74f06-3c60-42dc-83f6-f034cb47c679,,,,,,,2,Mods/Gustav/Story/Dialogs/Camp/Camp_Relationship_Dialogs/CAMP_Night3_CRD_Shadowheart.lsj
CAMP_Night3_CRD_Laezel_7415a7ba-7da1-9996-fca5-f59a3f32cfdd,CAMP_Night3_CRD_Laezel,7415a7ba-7da1-9996-fca5-f59a3f32cfdd,C:\Users\Administrator\Downloads\bg3-modders-multitool\UnpackedData\Gustav\Mods\Gustav\Story\RawFiles\Goals\Act1a_Camp.txt,S_Player_Laezel,58a69333-40bf-8358-1d17-fff240d7fb12,,,,,,,2,Mods/Gustav/Story/Dialogs/Camp/Camp_Relationship_Dialogs/CAMP_Night3_CRD_Laezel.lsj
CAMP_Night3_CRD_Astarion_551c3985-a737-6d14-b09e-d2fd1daaea2a,CAMP_Night3_CRD_Astarion,551c3985-a737-6d14-b09e-d2fd1daaea2a,C:\Users\Administrator\Downloads\bg3-modders-multitool\UnpackedData\Gustav\Mods\Gustav\Story\RawFiles\Goals\Act1a_Camp.txt,S_Player_Astarion,c7c13742-bacd-460a-8f65-f864fe41f255,,,,,,,2,Mods/Gustav/Story/Dialogs/Camp/Camp_Relationship_Dialogs/CAMP_Night3_CRD_Astarion.lsj
CAMP_Night3_CRD_Karlach_47a63033-4d81-1772-338d-92c112034e6d,CAMP_Night3_CRD_Karlach,47a63033-4d81-1772-338d-92c112034e6d,C:\Users\Administrator\Downloads\bg3-modders-multitool\UnpackedData\Gustav\Mods\Gustav\Story\RawFiles\Goals\Act1a_Camp.txt,S_Player_Karlach,2c76687d-93a2-477b-8b18-8a14b549304c,,,,,,,2,Mods/GustavDev/Story/Dialogs/Camp/Camp_Relationship_Dialogs/CAMP_Night3_CRD_Karlach.lsj
CAMP_Night3_CRD_Wyll_62432257-059f-ea68-018a-971e0cb986ac,CAMP_Night3_CRD_Wyll,62432257-059f-ea68-018a-971e0cb986ac,C:\Users\Administrator\Downloads\bg3-modders-multitool\UnpackedData\Gustav\Mods\Gustav\Story\RawFiles\Goals\Act1a_Camp.txt,S_Player_Wyll,c774d764-4a17-48dc-b470-32ace9ce447d,,,,,,,2,Mods/GustavDev/Story/Dialogs/Camp/Camp_Relationship_Dialogs/CAMP_Night3_CRD_Wyll.lsj
CAMP_Night3_CRD_Gale_62c87a05-a048-4d60-487e-9ac04f50d6b2,CAMP_Night3_CRD_Gale,62c87a05-a048-4d60-487e-9ac04f50d6b2,C:\Users\Administrator\Downloads\bg3-modders-multitool\UnpackedData\Gustav\Mods\Gustav\Story\RawFiles\Goals\Act1a_Camp.txt,S_Player_Gale,ad9af97d-75da-406a-ae13-7071c563f604,,,,,,,0,Not found
CAMP_Night3_CRD_Narrator_9383cdc1-a31b-a9c7-5ba8-cf6559eff7ad,CAMP_Night3_CRD_Narrator,9383cdc1-a31b-a9c7-5ba8-cf6559eff7ad,C:\Users\Administrator\Downloads\bg3-modders-multitool\UnpackedData\Gustav\Mods\Gustav\Story\RawFiles\Goals\Act1a_Camp.txt,NULL,00000000-0000-0000-0000-000000000000,,,,,,,0,Mods/Gustav/Story/Dialogs/Camp/Camp_Relationship_Dialogs/CAMP_Night3_CRD_Narrator.lsj
CAMP_AstarionHunger_IVB_SCO_Avatar_Choice_731b7b80-cbc9-9db4-dcc7-3e92b9c5087c,CAMP_AstarionHunger_IVB_SCO_Avatar_Choice,731b7b80-cbc9-9db4-dcc7-3e92b9c5087c,C:\Users\Administrator\Downloads\bg3-modders-multitool\UnpackedData\Gustav\Mods\GustavDev\Story\RawFiles\Goals\GLO_Origin_Astarion_PostEA.txt,,,,,,,,,4,Mods/Gustav/Story/Dialogs/Camp/Campfire_Moments/CAMP_AstarionHunger_IVB_SCO_Avatar_Choice.lsj
CAMP_AstarionHunger_SCO_Avatar_Dream_d1459343-4983-96bb-d19c-faccaca636e4,CAMP_AstarionHunger_SCO_Avatar_Dream,d1459343-4983-96bb-d19c-faccaca636e4,C:\Users\Administrator\Downloads\bg3-modders-multitool\UnpackedData\Gustav\Mods\Gustav\Story\RawFiles\Goals\Act1a_Camp.txt,,,,,,,,,2,Mods/Gustav/Story/Dialogs/Camp/Campfire_Moments/CAMP_AstarionHunger_SCO_Avatar_Dream.lsj
CAMP_AstarionHunger_SCO_Companion_AstarionSneaksOff_d6e52274-0458-7311-7990-ed53a7b694a0,CAMP_AstarionHunger_SCO_Companion_AstarionSneaksOff,d6e52274-0458-7311-7990-ed53a7b694a0,C:\Users\Administrator\Downloads\bg3-modders-multitool\UnpackedData\Gustav\Mods\Gustav\Story\RawFiles\Goals\Act1a_Camp.txt,,,,,,,,,1,Mods/Gustav/Story/Dialogs/Camp/Campfire_Moments/CAMP_AstarionHunger_SCO_Companion_AstarionSneaksOff.lsj
CAMP_AstarionHunger_SCO_Companion_359981f9-d660-96e2-3e94-218e92d5e479,CAMP_AstarionHunger_SCO_Companion,359981f9-d660-96e2-3e94-218e92d5e479,C:\Users\Administrator\Downloads\bg3-modders-multitool\UnpackedData\Gustav\Mods\Gustav\Story\RawFiles\Goals\GLO_Origin_Astarion.txt,S_Player_Astarion,c7c13742-bacd-460a-8f65-f864fe41f255,,,,,,,2,Mods/Gustav/Story/Dialogs/Camp/Campfire_Moments/CAMP_AstarionHunger_SCO_Companion.lsj
CAMP_Astarion_Kidnapping_PLACEHOLDER_11111111-1111-1111-1111-111111111111,CAMP_Astarion_Kidnapping_PLACEHOLDER,11111111-1111-1111-1111-111111111111,C:\Users\Administrator\Downloads\bg3-modders-multitool\UnpackedData\Gustav\Mods\Gustav\Story\RawFiles\Goals\Act1a_Camp.txt,,,,,,,,,0,Not found
CAMP_Astarion_CRD_DrunkBear_af5f965a-1495-d352-08a0-97f87bbfb10b,CAMP_Astarion_CRD_DrunkBear,af5f965a-1495-d352-08a0-97f87bbfb10b,C:\Users\Administrator\Downloads\bg3-modders-multitool\UnpackedData\Gustav\Mods\Gustav\Story\RawFiles\Goals\Act1a_Camp.txt,S_Player_Astarion,c7c13742-bacd-460a-8f65-f864fe41f255,,,,,,,2,Mods/Gustav/Story/Dialogs/Camp/Campfire_Moments/CAMP_Astarion_CRD_DrunkBear.lsj
CAMP_Astarion_CRD_TastingParty_ac1e79a2-eea6-091b-0c04-a28d66eca220,CAMP_Astarion_CRD_TastingParty,ac1e79a2-eea6-091b-0c04-a28d66eca220,C:\Users\Administrator\Downloads\bg3-modders-multitool\UnpackedData\Gustav\Mods\Gustav\Story\RawFiles\Goals\Act1a_Camp.txt,S_Player_Astarion,c7c13742-bacd-460a-8f65-f864fe41f255,,,,,,,2,Mods/Gustav/Story/Dialogs/Camp/Campfire_Moments/CAMP_Astarion_CRD_TastingParty.lsj
CAMP_Astarion_CRD_Mirror_8a243829-ac67-c446-8f46-46f7bb6c598b,CAMP_Astarion_CRD_Mirror,8a243829-ac67-c446-8f46-46f7bb6c598b,C:\Users\Administrator\Downloads\bg3-modders-multitool\UnpackedData\Gustav\Mods\Gustav\Story\RawFiles\Goals\Act1a_Camp.txt,S_Player_Astarion,c7c13742-bacd-460a-8f65-f864fe41f255,,,,,,,2,Mods/Gustav/Story/Dialogs/Camp/Campfire_Moments/CAMP_Astarion_CRD_Mirror.lsj
CAMP_Astarion_CRD_ScarReading_c3b2bc4f-46a5-1b25-f2aa-288dbbf47f43,CAMP_Astarion_CRD_ScarReading,c3b2bc4f-46a5-1b25-f2aa-288dbbf47f43,C:\Users\Administrator\Downloads\bg3-modders-multitool\UnpackedData\Gustav\Mods\GustavDev\Story\RawFiles\Goals\Act2_OriginMoments_Astarion.txt,S_Player_Astarion,c7c13742-bacd-460a-8f65-f864fe41f255,,,,,,,2,Mods/Gustav/Story/Dialogs/Camp/Campfire_Moments/CAMP_Astarion_CRD_ScarReading.lsj
CAMP_Gale_CRD_SpellTeaching_4d0a0d4e-0812-98c1-f2a6-94013578ce97,CAMP_Gale_CRD_SpellTeaching,4d0a0d4e-0812-98c1-f2a6-94013578ce97,C:\Users\Administrator\Downloads\bg3-modders-multitool\UnpackedData\Gustav\Mods\GustavDev\Story\RawFiles\Goals\Act1a_Camp_PostEA.txt,S_Player_Gale,ad9af97d-75da-406a-ae13-7071c563f604,,,,,,,2,Mods/Gustav/Story/Dialogs/Camp/Campfire_Moments/CAMP_Gale_CRD_SpellTeaching.lsj
Gale_InParty2_6beb1b10-845f-49fa-6d6d-f425eaa42574,Gale_InParty2,6beb1b10-845f-49fa-6d6d-f425eaa42574,C:\Users\Administrator\Downloads\bg3-modders-multitool\UnpackedData\Patch7_Hotfix2\Mods\GustavDev\Story\RawFiles\Goals\BG3_Act2_SavegamePatches.txt,S_Player_Gale,ad9af97d-75da-406a-ae13-7071c563f604,,,,,,,2,Mods/GustavDev/Story/Dialogs/Companions/Gale_InParty2.lsj
CAMP_DaisyIntro_AvD_ec38f422-7e38-142d-d342-f703619d0cf8,CAMP_DaisyIntro_AvD,ec38f422-7e38-142d-d342-f703619d0cf8,C:\Users\Administrator\Downloads\bg3-modders-multitool\UnpackedData\Gustav\Mods\GustavDev\Story\RawFiles\Goals\GLO_TopicalGreetings_Gustav.txt,,,,,,,,,2,Mods/GustavDev/Story/Dialogs/Camp/Campfire_Moments/CAMP_DaisyIntro_AvD.lsj
CAMP_InfernalBox_IVB_CFM_BoxAppears_28f837d2-d823-9afb-8ce4-84687ebc1fd7,CAMP_InfernalBox_IVB_CFM_BoxAppears,28f837d2-d823-9afb-8ce4-84687ebc1fd7,C:\Users\Administrator\Downloads\bg3-modders-multitool\UnpackedData\Gustav\Mods\Gustav\Story\RawFiles\Goals\Act1a_Camp.txt,,,,,,,,,1,Mods/Gustav/Story/Dialogs/Camp/Campfire_Moments/CAMP_InfernalBox_IVB_CFM_BoxAppears.lsj
CAMP_Shadowheart_CRD_WildMagic_302972f7-dc79-5f24-68c4-c0d9cccc31b1,CAMP_Shadowheart_CRD_WildMagic,302972f7-dc79-5f24-68c4-c0d9cccc31b1,C:\Users\Administrator\Downloads\bg3-modders-multitool\UnpackedData\Gustav\Mods\GustavDev\Story\RawFiles\Goals\Act1a_Camp_PostEA.txt,S_Player_ShadowHeart,3ed74f06-3c60-42dc-83f6-f034cb47c679,,,,,,,7,Mods/Gustav/Story/Dialogs/Camp/CAMP_Shadowheart_CRD_WildMagic.lsj
CAMP_AstarionHunger_PAD_AftermathAvatarStealthDrain_775dcb4b-b054-c8b3-6154-958498252cab,CAMP_AstarionHunger_PAD_AftermathAvatarStealthDrain,775dcb4b-b054-c8b3-6154-958498252cab,C:\Users\Administrator\Downloads\bg3-modders-multitool\UnpackedData\Gustav\Mods\GustavDev\Story\RawFiles\Goals\GLO_Origin_Astarion_PostEA.txt,,,,,,,,,1,Mods/Gustav/Story/Dialogs/Camp/Campfire_Moments/CAMP_AstarionHunger_PAD_AftermathAvatarStealthDrain.lsj
CAMP_AstarionHungerC_CRD_Astarion_MorningAfter_daac36c3-6e0b-da21-52f3-5a79955d9af4,CAMP_AstarionHungerC_CRD_Astarion_MorningAfter,daac36c3-6e0b-da21-52f3-5a79955d9af4,C:\Users\Administrator\Downloads\bg3-modders-multitool\UnpackedData\Gustav\Mods\Gustav\Story\RawFiles\Goals\Act1a_Camp.txt,,,,,,,,,7,Mods/Gustav/Story/Dialogs/Camp/Camp_Relationship_Dialogs/CAMP_AstarionHungerC_CRD_Astarion_MorningAfter.lsj
CAMP_AstarionHunger_PAD_AftermathAvatarKilled_538b7717-cbee-b956-8fd0-78d3e97603ad,CAMP_AstarionHunger_PAD_AftermathAvatarKilled,538b7717-cbee-b956-8fd0-78d3e97603ad,C:\Users\Administrator\Downloads\bg3-modders-multitool\UnpackedData\Gustav\Mods\GustavDev\Story\RawFiles\Goals\GLO_Origin_Astarion_PostEA.txt,,,,,,,,,1,Mods/Gustav/Story/Dialogs/Camp/Campfire_Moments/CAMP_AstarionHunger_PAD_AftermathAvatarKilled.lsj
Astarion_InParty_53aba16e-55bb-a0fc-a444-522e237dbe46,Astarion_InParty,53aba16e-55bb-a0fc-a444-522e237dbe46,C:\Users\Administrator\Downloads\bg3-modders-multitool\UnpackedData\Gustav\Mods\GustavDev\Story\RawFiles\Goals\GLO_Origin_Astarion_PostEA.txt,,,,,,,,,2,Mods/GustavDev/Story/Dialogs/Companions/Astarion_InParty2.lsj
CAMP_MonitorIntro_CM_6aa2bfc3-d9e6-a2d8-d017-25d59d9f757a,CAMP_MonitorIntro_CM,6aa2bfc3-d9e6-a2d8-d017-25d59d9f757a,C:\Users\Administrator\Downloads\bg3-modders-multitool\UnpackedData\Gustav\Mods\GustavDev\Story\RawFiles\Goals\Act1_FOR_Monitor_PostEA.txt,,,,,,,,,2,Mods/Gustav/Story/Dialogs/Camp/Campfire_Moments/CAMP_MonitorIntro_CFM.lsj
FOR_Monitor_Dinner_c6618ea4-f1a5-086f-936e-402f4d74fa38,FOR_Monitor_Dinner,c6618ea4-f1a5-086f-936e-402f4d74fa38,C:\Users\Administrator\Downloads\bg3-modders-multitool\UnpackedData\Gustav\Mods\GustavDev\Story\RawFiles\Goals\Act1_FOR_Monitor_PostEA.txt,,,,,,,,,5,Mods/Gustav/Story/Dialogs/Act1/Forest/FOR_Monitor_Dinner.lsj
CAMP_Daisy1_CRD_Laezel_BeforeDream_1375618b-f1e6-7f74-4748-beabc24cdc96,CAMP_Daisy1_CRD_Laezel_BeforeDream,1375618b-f1e6-7f74-4748-beabc24cdc96,C:\Users\Administrator\Downloads\bg3-modders-multitool\UnpackedData\Gustav\Mods\GustavDev\Story\RawFiles\Goals\GLO_Origin_Laezel_PostEA.txt,S_Player_Laezel,58a69333-40bf-8358-1d17-fff240d7fb12,,,,,,,2,Mods/Gustav/Story/Dialogs/Camp/Camp_Relationship_Dialogs/CAMP_Daisy1_CRD_Laezel_BeforeDream.lsj
FOR_Courier_Dead_f0f0b5ac-e37d-b3d5-09b0-27e51c1697c0,FOR_Courier_Dead,f0f0b5ac-e37d-b3d5-09b0-27e51c1697c0,C:\Users\Administrator\Downloads\bg3-modders-multitool\UnpackedData\Gustav\Mods\Gustav\Story\RawFiles\Goals\Act1a_FOR_Courier.txt,S_FOR_Courier,bf842d88-0c39-48b8-b4a1-f9ab140ee6ca,,,,,,,2,Mods/Gustav/Story/Dialogs/Act1/Forest/FOR_Courier_Dead.lsj
CAMP_Courier_Dog_2f2ab0f4-9b0e-3991-b6dd-44474a25e7a3,CAMP_Courier_Dog,2f2ab0f4-9b0e-3991-b6dd-44474a25e7a3,C:\Users\Administrator\Downloads\bg3-modders-multitool\UnpackedData\Gustav\Mods\Gustav\Story\RawFiles\Goals\_Gustav_CampFollowers.txt,S_FOR_Courier_Dog,3059f69c-068d-4e28-8491-55953c027901,,,,,,,2,Mods/Gustav/Story/Dialogs/Camp/CAMP_Courier_Dog.lsj
CAMP_GoblinHuntTieflingCelebration_CRD_Astarion_bda95b3c-f689-a440-bd81-c333b15c3fc2,CAMP_GoblinHuntTieflingCelebration_CRD_Astarion,bda95b3c-f689-a440-bd81-c333b15c3fc2,C:\Users\Administrator\Downloads\bg3-modders-multitool\UnpackedData\Gustav\Mods\Gustav\Story\RawFiles\Goals\Act1_Origin_Astarion.txt,S_Player_Astarion,c7c13742-bacd-460a-8f65-f864fe41f255,,,,,,,2,Mods/Gustav/Story/Dialogs/Camp/Camp_Relationship_Dialogs/CAMP_GoblinHuntTieflingCelebration_CRD_Astarion.lsj
CAMP_GoblinHuntTieflingCelebration_CRD_Laezel_bc147208-cdef-42c9-438e-bab901262d90,CAMP_GoblinHuntTieflingCelebration_CRD_Laezel,bc147208-cdef-42c9-438e-bab901262d90,C:\Users\Administrator\Downloads\bg3-modders-multitool\UnpackedData\Gustav\Mods\Gustav\Story\RawFiles\Goals\Act1_CAMP_GoblinHuntCelebration.txt,S_Player_Laezel,58a69333-40bf-8358-1d17-fff240d7fb12,,,,,,,2,Mods/Gustav/Story/Dialogs/Camp/Camp_Relationship_Dialogs/CAMP_GoblinHuntTieflingCelebration_CRD_Laezel.lsj
CAMP_GoblinHuntTieflingCelebration_CRD_Shadowheart_b90c937e-edce-0e26-a86c-e29ac656cabb,CAMP_GoblinHuntTieflingCelebration_CRD_Shadowheart,b90c937e-edce-0e26-a86c-e29ac656cabb,C:\Users\Administrator\Downloads\bg3-modders-multitool\UnpackedData\Gustav\Mods\Gustav\Story\RawFiles\Goals\Act1_CAMP_GoblinHuntCelebration.txt,S_Player_ShadowHeart,3ed74f06-3c60-42dc-83f6-f034cb47c679,,,,,,,2,Mods/Gustav/Story/Dialogs/Camp/Camp_Relationship_Dialogs/CAMP_GoblinHuntTieflingCelebration_CRD_Shadowheart.lsj
CAMP_GoblinHuntTieflingCelebration_CRD_Wyll_4c817c86-c052-813f-77e6-6374da2cc842,CAMP_GoblinHuntTieflingCelebration_CRD_Wyll,4c817c86-c052-813f-77e6-6374da2cc842,C:\Users\Administrator\Downloads\bg3-modders-multitool\UnpackedData\Gustav\Mods\GustavDev\Story\RawFiles\Goals\Act1_OriginMoments_Wyll.txt,S_Player_Wyll,c774d764-4a17-48dc-b470-32ace9ce447d,,,,,,,2,Mods/Gustav/Story/Dialogs/Camp/Camp_Relationship_Dialogs/CAMP_GoblinHuntTieflingCelebration_CRD_Wyll.lsj
CAMP_GoblinHuntTieflingCelebration_CRD_Gale_6e83e164-1900-b40d-723d-d2c206ea5a59,CAMP_GoblinHuntTieflingCelebration_CRD_Gale,6e83e164-1900-b40d-723d-d2c206ea5a59,C:\Users\Administrator\Downloads\bg3-modders-multitool\UnpackedData\Gustav\Mods\GustavDev\Story\RawFiles\Goals\Act1a_Camp_PostEA.txt,S_Player_Gale,ad9af97d-75da-406a-ae13-7071c563f604,,,,,,,2,Mods/GustavDev/Story/Dialogs/Camp/Camp_Relationship_Dialogs/CAMP_GoblinHuntTieflingCelebration_CRD_Gale2.lsj
CAMP_GoblinHuntCelebration_SD_SelectNight_750df06d-5a74-8f6b-cd1f-947055afbc2e,CAMP_GoblinHuntCelebration_SD_SelectNight,750df06d-5a74-8f6b-cd1f-947055afbc2e,C:\Users\Administrator\Downloads\bg3-modders-multitool\UnpackedData\Gustav\Mods\GustavDev\Story\RawFiles\Goals\GLO_Origin_Laezel_PostEA.txt,,,,,,,,,2,Mods/Gustav/Story/Dialogs/Camp/Campfire_Moments/CAMP_GoblinHuntCelebration_SD_SelectNight.lsj
CAMP_GoblinHuntCelebration_CFM_Raiders_37471826-8011-115d-6724-c12874619d95,CAMP_GoblinHuntCelebration_CFM_Raiders,37471826-8011-115d-6724-c12874619d95,C:\Users\Administrator\Downloads\bg3-modders-multitool\UnpackedData\Gustav\Mods\GustavDev\Story\RawFiles\Goals\Act1_OriginMoments_Karlach.txt,S_Player_Karlach,2c76687d-93a2-477b-8b18-8a14b549304c,,,,,,,3,Mods/Gustav/Story/Dialogs/Camp/Campfire_Moments/CAMP_GoblinHuntCelebration_CFM_Raiders.lsj
CAMP_GoblinHuntRaiderCelebration_CRD_Astarion_c6a21528-f351-31bd-15ae-115c66be9471,CAMP_GoblinHuntRaiderCelebration_CRD_Astarion,c6a21528-f351-31bd-15ae-115c66be9471,C:\Users\Administrator\Downloads\bg3-modders-multitool\UnpackedData\Gustav\Mods\Gustav\Story\RawFiles\Goals\Act1_Origin_Astarion.txt,S_Player_Astarion,c7c13742-bacd-460a-8f65-f864fe41f255,,,,,,,2,Mods/Gustav/Story/Dialogs/Camp/Camp_Relationship_Dialogs/CAMP_GoblinHuntRaiderCelebration_CRD_Astarion.lsj
CAMP_GoblinHuntRaiderCelebration_CRD_Laezel_aef7f330-221f-a039-c23b-a346761425dc,CAMP_GoblinHuntRaiderCelebration_CRD_Laezel,aef7f330-221f-a039-c23b-a346761425dc,C:\Users\Administrator\Downloads\bg3-modders-multitool\UnpackedData\Gustav\Mods\Gustav\Story\RawFiles\Goals\Act1_CAMP_GoblinHuntCelebration.txt,S_Player_Laezel,58a69333-40bf-8358-1d17-fff240d7fb12,,,,,,,2,Mods/Gustav/Story/Dialogs/Camp/Camp_Relationship_Dialogs/CAMP_GoblinHuntRaiderCelebration_CRD_Laezel.lsj
CAMP_GoblinHuntRaiderCelebration_CRD_Gale_46d9747e-2c43-88bf-1c3e-dbfb4395c24f,CAMP_GoblinHuntRaiderCelebration_CRD_Gale,46d9747e-2c43-88bf-1c3e-dbfb4395c24f,C:\Users\Administrator\Downloads\bg3-modders-multitool\UnpackedData\Gustav\Mods\Gustav\Story\RawFiles\Goals\Act1_CAMP_GoblinHuntCelebration.txt,S_Player_Gale,ad9af97d-75da-406a-ae13-7071c563f604,,,,,,,2,Mods/Gustav/Story/Dialogs/Camp/Camp_Relationship_Dialogs/CAMP_GoblinHuntRaiderCelebration_CRD_Gale.lsj
CAMP_GoblinHuntRaiderCelebration_CRD_Shadowheart_0c05a62e-9c70-ed99-5048-2cd8a50fc071,CAMP_GoblinHuntRaiderCelebration_CRD_Shadowheart,0c05a62e-9c70-ed99-5048-2cd8a50fc071,C:\Users\Administrator\Downloads\bg3-modders-multitool\UnpackedData\Gustav\Mods\Gustav\Story\RawFiles\Goals\Act1_CAMP_GoblinHuntCelebration.txt,S_Player_ShadowHeart,3ed74f06-3c60-42dc-83f6-f034cb47c679,,,,,,,2,Mods/Gustav/Story/Dialogs/Camp/Camp_Relationship_Dialogs/CAMP_GoblinHuntRaiderCelebration_CRD_Shadowheart.lsj
CAMP_GoblinHuntCelebration_SD_ROM_NightWithAstarion_f1f9ad82-3973-9307-7a9d-35c014ee2d68,CAMP_GoblinHuntCelebration_SD_ROM_NightWithAstarion,f1f9ad82-3973-9307-7a9d-35c014ee2d68,C:\Users\Administrator\Downloads\bg3-modders-multitool\UnpackedData\Gustav\Mods\GustavDev\Story\RawFiles\Goals\GLO_Origin_Astarion_PostEA.txt,,,,,,,,,2,Mods/Gustav/Story/Dialogs/Camp/Campfire_Moments/CAMP_GoblinHuntCelebration_SD_ROM_NightWithAstarion.lsj
CAMP_GoblinHuntCelebration_Bard_787b021c-d49e-3523-43a4-9ee8d91734c5,CAMP_GoblinHuntCelebration_Bard,787b021c-d49e-3523-43a4-9ee8d91734c5,C:\Users\Administrator\Downloads\bg3-modders-multitool\UnpackedData\Gustav\Mods\Gustav\Story\RawFiles\Goals\Act1_CAMP_GoblinHuntCelebration.txt,S_DEN_Bard,4a405fba-3000-4c63-97e5-a8001ebb883c,S_CAMP_TieflingBackup_001,39feb630-73d6-414c-a5cd-d02366ff26d7,,,,,2,Mods/Gustav/Story/Dialogs/Camp/NPCs/CAMP_GoblinHuntCelebration_Bard.lsj
CAMP_GoblinHuntCelebration_Volo_02fd5c50-ec2e-4863-1527-6f747e14f8f0,CAMP_GoblinHuntCelebration_Volo,02fd5c50-ec2e-4863-1527-6f747e14f8f0,C:\Users\Administrator\Downloads\bg3-modders-multitool\UnpackedData\Gustav\Mods\Gustav\Story\RawFiles\Goals\Act1_CAMP_GoblinHuntCelebration.txt,S_GLO_Volo,2af25a85-5b9a-4794-85d3-0bd4c4d262fa,,,,,,,2,Mods/Gustav/Story/Dialogs/Camp/NPCs/CAMP_GoblinHuntCelebration_Volo.lsj
CAMP_GoblinHuntCelebration_ParentA_196436a6-93b8-a050-b924-55a6460254d3,CAMP_GoblinHuntCelebration_ParentA,196436a6-93b8-a050-b924-55a6460254d3,C:\Users\Administrator\Downloads\bg3-modders-multitool\UnpackedData\Gustav\Mods\Gustav\Story\RawFiles\Goals\Act1_CAMP_GoblinHuntCelebration.txt,S_DEN_ParentA,d6d88c8b-6ba7-4350-b3b3-d60565a44e90,,,,,,,1,Mods/Gustav/Story/Dialogs/Camp/NPCs/CAMP_GoblinHuntCelebration_ParentA.lsj
CAMP_GoblinHuntCelebration_Prodigy_d8853fbc-0be8-f8cb-5795-e241ba9e7d8b,CAMP_GoblinHuntCelebration_Prodigy,d8853fbc-0be8-f8cb-5795-e241ba9e7d8b,C:\Users\Administrator\Downloads\bg3-modders-multitool\UnpackedData\Gustav\Mods\Gustav\Story\RawFiles\Goals\Act1_CAMP_GoblinHuntCelebration.txt,S_GLO_Prodigy,b6a3a9e9-b6eb-4c19-ab3f-4c431178fe1b,,,,,,,2,Mods/Gustav/Story/Dialogs/Camp/NPCs/CAMP_GoblinHuntCelebration_Prodigy.lsj
CAMP_MintharaAmbush_AD_Combat_DrowCommander_000_f948a2af-9b22-8621-60c2-f18c6e3bd089,CAMP_MintharaAmbush_AD_Combat_DrowCommander_000,f948a2af-9b22-8621-60c2-f18c6e3bd089,C:\Users\Administrator\Downloads\bg3-modders-multitool\UnpackedData\Gustav\Mods\Gustav\Story\RawFiles\Goals\Act1_CAMP_GoblinHuntCelebration.txt,,,,,,,,,1,Mods/GustavDev/Story/Dialogs/Camp/CAMP_MintharaAmbush_AD_Combat_DrowCommander_000.lsj
CAMP_MintharaAmbush_AD_Combat_DrowCommander_001_038bd6cd-7764-9e00-9902-e1a996150383,CAMP_MintharaAmbush_AD_Combat_DrowCommander_001,038bd6cd-7764-9e00-9902-e1a996150383,C:\Users\Administrator\Downloads\bg3-modders-multitool\UnpackedData\Gustav\Mods\Gustav\Story\RawFiles\Goals\Act1_CAMP_GoblinHuntCelebration.txt,,,,,,,,,1,Mods/GustavDev/Story/Dialogs/Camp/CAMP_MintharaAmbush_AD_Combat_DrowCommander_001.lsj
CAMP_MintharaAmbush_AD_Combat_DrowCommander_002_ed13165b-2c4f-e9b3-0dcc-95d786105c58,CAMP_MintharaAmbush_AD_Combat_DrowCommander_002,ed13165b-2c4f-e9b3-0dcc-95d786105c58,C:\Users\Administrator\Downloads\bg3-modders-multitool\UnpackedData\Gustav\Mods\Gustav\Story\RawFiles\Goals\Act1_CAMP_GoblinHuntCelebration.txt,,,,,,,,,1,Mods/GustavDev/Story/Dialogs/Camp/CAMP_MintharaAmbush_AD_Combat_DrowCommander_002.lsj
CAMP_MintharaAmbush_AD_Combat_DrowCommander_003_8b757b1e-2095-ecd6-8b1b-c2bcb60bed38,CAMP_MintharaAmbush_AD_Combat_DrowCommander_003,8b757b1e-2095-ecd6-8b1b-c2bcb60bed38,C:\Users\Administrator\Downloads\bg3-modders-multitool\UnpackedData\Gustav\Mods\Gustav\Story\RawFiles\Goals\Act1_CAMP_GoblinHuntCelebration.txt,,,,,,,,,1,Mods/GustavDev/Story/Dialogs/Camp/CAMP_MintharaAmbush_AD_Combat_DrowCommander_003.lsj
CAMP_GoblinHuntCelebration_SD_ROM_NightWithDrow_0166176a-2eb4-db38-81b9-003dde80485b,CAMP_GoblinHuntCelebration_SD_ROM_NightWithDrow,0166176a-2eb4-db38-81b9-003dde80485b,C:\Users\Administrator\Downloads\bg3-modders-multitool\UnpackedData\Gustav\Mods\GustavDev\Story\RawFiles\Goals\GLO_Companion_Minthara.txt,,,,,,,,,2,Mods/Gustav/Story/Dialogs/Camp/Campfire_Moments/CAMP_GoblinHuntCelebration_SD_ROM_NightWithDrow.lsj
CAMP_GoblinHuntCelebration_CFM_DrowBetrayalReaction_f4dc3784-af97-d012-eeb9-99ee8a285e51,CAMP_GoblinHuntCelebration_CFM_DrowBetrayalReaction,f4dc3784-af97-d012-eeb9-99ee8a285e51,C:\Users\Administrator\Downloads\bg3-modders-multitool\UnpackedData\Gustav\Mods\Gustav\Story\RawFiles\Goals\Act1_CAMP_GoblinHuntCelebration.txt,,,,,,,,,5,Mods/Gustav/Story/Dialogs/Camp/Campfire_Moments/CAMP_GoblinHuntCelebration_CFM_DrowBetrayalReaction.lsj
CAMP_GoblinHuntCelebration_SCO_HalsinMorningAfter_3c5a0a46-7927-6692-d353-fc8270b47631,CAMP_GoblinHuntCelebration_SCO_HalsinMorningAfter,3c5a0a46-7927-6692-d353-fc8270b47631,C:\Users\Administrator\Downloads\bg3-modders-multitool\UnpackedData\Gustav\Mods\Gustav\Story\RawFiles\Goals\Act1_GLO_Backgrounds_Goals.txt,,,,,,,,,7,Mods/Gustav/Story/Dialogs/Camp/Campfire_Moments/CAMP_GoblinHuntCelebration_SCO_HalsinMorningAfter.lsj
CAMP_HalsinsReturn_CFM_720f387b-ca6e-b3be-4176-bceb7512d172,CAMP_HalsinsReturn_CFM,720f387b-ca6e-b3be-4176-bceb7512d172,C:\Users\Administrator\Downloads\bg3-modders-multitool\UnpackedData\Gustav\Mods\GustavDev\Story\RawFiles\Goals\GLO_Companion_Halsin.txt,,,,,,,,,8,Mods/Gustav/Story/Dialogs/Camp/Campfire_Moments/CAMP_HalsinsReturn_CFM.lsj
CAMP_Halsin2_c0ab0f6f-3ffc-d06d-0d6d-d1aaef70dfe4,CAMP_Halsin2,c0ab0f6f-3ffc-d06d-0d6d-d1aaef70dfe4,C:\Users\Administrator\Downloads\bg3-modders-multitool\UnpackedData\Patch7_Hotfix2\Mods\GustavDev\Story\RawFiles\Goals\BG3_Act2_SavegamePatches.txt,,,,,,,,,2,Mods/GustavDev/Story/Dialogs/Camp/CAMP_Halsin2.lsj
CAMP_GoblinHuntCelebration_Halsin_13f1ee23-9785-aa5a-1c90-69d462b65090,CAMP_GoblinHuntCelebration_Halsin,13f1ee23-9785-aa5a-1c90-69d462b65090,C:\Users\Administrator\Downloads\bg3-modders-multitool\UnpackedData\Gustav\Mods\Gustav\Story\RawFiles\Goals\Act1_CAMP_GoblinHuntCelebration.txt,,,,,,,,,2,Mods/Gustav/Story/Dialogs/Camp/NPCs/CAMP_GoblinHuntCelebration_Halsin.lsj
CAMP_VoloOperation_ba7c506d-c743-5dc9-7d98-eeea7b4ef2a2,CAMP_VoloOperation,ba7c506d-c743-5dc9-7d98-eeea7b4ef2a2,C:\Users\Administrator\Downloads\bg3-modders-multitool\UnpackedData\Gustav\Mods\Gustav\Story\RawFiles\Goals\_Gustav_CampFollowers.txt,S_GLO_Volo,2af25a85-5b9a-4794-85d3-0bd4c4d262fa,,,,,,,2,Mods/Gustav/Story/Dialogs/Camp/CAMP_VoloOperation.lsj
CHA_BronzePlaque_AD_OutsideStatue_822d5f57-7281-0361-8116-7500ff1083c7,CHA_BronzePlaque_AD_OutsideStatue,822d5f57-7281-0361-8116-7500ff1083c7,C:\Users\Administrator\Downloads\bg3-modders-multitool\UnpackedData\Gustav\Mods\Gustav\Story\RawFiles\Goals\Act1_CHA_Chapel.txt,,,,,,,,,1,Mods/Gustav/Story/Dialogs/Act1/Chapel/CHA_BronzePlaque_AD_OutsideStatue.lsj
CHA_Outside_BanditInteraction_255e9f17-5a10-d273-f504-5d0d414b84e2,CHA_Outside_BanditInteraction,255e9f17-5a10-d273-f504-5d0d414b84e2,C:\Users\Administrator\Downloads\bg3-modders-multitool\UnpackedData\Gustav\Mods\Gustav\Story\RawFiles\Goals\Act1_CHA_Chapel.txt,,,,,,,,,3,Mods/Gustav/Story/Dialogs/Act1/Chapel/CHA_Outside_BanditInteraction.lsj
CHA_Outside_BanditBackInteraction_Spotted_d8ea2e7b-10d2-203c-2a8e-ec195a9893da,CHA_Outside_BanditBackInteraction_Spotted,d8ea2e7b-10d2-203c-2a8e-ec195a9893da,C:\Users\Administrator\Downloads\bg3-modders-multitool\UnpackedData\Gustav\Mods\Gustav\Story\RawFiles\Goals\Act1_CHA_Chapel.txt,,,,,,,,,5,Mods/Gustav/Story/Dialogs/Act1/Chapel/CHA_Outside_BanditBackInteraction_Spotted.lsj
CHA_Outside_BanditWestInteraction_89b6d80a-0882-1c67-ba7f-5e68daf2165b,CHA_Outside_BanditWestInteraction,89b6d80a-0882-1c67-ba7f-5e68daf2165b,C:\Users\Administrator\Downloads\bg3-modders-multitool\UnpackedData\Gustav\Mods\Gustav\Story\RawFiles\Goals\Act1_CHA_Chapel.txt,,,,,,,,,4,Mods/Gustav/Story/Dialogs/Act1/Chapel/CHA_Outside_BanditWestInteraction.lsj
CHA_Outside_EntranceDoor_c6ab2cbd-4d56-e595-5a6e-cdef7c1719e5,CHA_Outside_EntranceDoor,c6ab2cbd-4d56-e595-5a6e-cdef7c1719e5,C:\Users\Administrator\Downloads\bg3-modders-multitool\UnpackedData\Gustav\Mods\Gustav\Story\RawFiles\Goals\Act1_CHA_Chapel.txt,,,,,,,,,2,Mods/Gustav/Story/Dialogs/Act1/Chapel/CHA_Outside_EntranceDoor.lsj
CHA_Outside_Bandit_Melee_01_Dead_6f4678c9-bd29-da25-7b48-6de54711f85c,CHA_Outside_Bandit_Melee_01_Dead,6f4678c9-bd29-da25-7b48-6de54711f85c,C:\Users\Administrator\Downloads\bg3-modders-multitool\UnpackedData\Gustav\Mods\Gustav\Story\RawFiles\Goals\Act1_CHA_Chapel.txt,S_CHA_Exterior_Bandit_Melee_01,538e38b9-e3a4-452a-8369-60eb1fe8c40d,,,,,,,2,Mods/Gustav/Story/Dialogs/Act1/Chapel/CHA_Outside_Bandit_Melee_01_Dead.lsj
CHA_Crypt_AD_BanditGuardSpotting_10a14868-5fa5-871a-7870-b0d213c4a862,CHA_Crypt_AD_BanditGuardSpotting,10a14868-5fa5-871a-7870-b0d213c4a862,C:\Users\Administrator\Downloads\bg3-modders-multitool\UnpackedData\Gustav\Mods\Gustav\Story\RawFiles\Goals\Act1_CHA_Chapel.txt,S_CHA_FL1_BanditGuard,4000f859-71fe-49ef-8400-da44b6fef92a,,,,,,,1,Mods/Gustav/Story/Dialogs/Act1/Chapel/CHA_Crypt_AD_BanditGuardSpotting.lsj
CHA_BronzePlaque_AD_FL1Mural_c73221e9-e886-a839-ef5a-2f4f7cbc321a,CHA_BronzePlaque_AD_FL1Mural,c73221e9-e886-a839-ef5a-2f4f7cbc321a,C:\Users\Administrator\Downloads\bg3-modders-multitool\UnpackedData\Gustav\Mods\Gustav\Story\RawFiles\Goals\Act1_CHA_Chapel.txt,,,,,,,,,1,Mods/Gustav/Story/Dialogs/Act1/Chapel/CHA_BronzePlaque_AD_FL1Mural.lsj
CHA_Crypt_Jergal_732520d9-a5aa-b761-84ad-429d599559a5,CHA_Crypt_Jergal,732520d9-a5aa-b761-84ad-429d599559a5,C:\Users\Administrator\Downloads\bg3-modders-multitool\UnpackedData\Gustav\Mods\Gustav\Story\RawFiles\Goals\GLO_Jergal.txt,,,,,,,,,2,Mods/Gustav/Story/Dialogs/Act1/Chapel/CHA_Crypt_Jergal.lsj
CHA_Crypt_PAD_JergalStatueReaction_9f69efc3-99c7-a8c0-1f71-b83de2259ae1,CHA_Crypt_PAD_JergalStatueReaction,9f69efc3-99c7-a8c0-1f71-b83de2259ae1,C:\Users\Administrator\Downloads\bg3-modders-multitool\UnpackedData\Gustav\Mods\Gustav\Story\RawFiles\Goals\Act1_CHA_Chapel.txt,,,,,,,,,1,Mods/Gustav/Story/Dialogs/Act1/Chapel/CHA_Crypt_PAD_JergalStatueReaction.lsj
CHA_Outside_AD_BanditReaction_ef416fe4-82f5-1846-c7f0-dabb0d7443bc,CHA_Outside_AD_BanditReaction,ef416fe4-82f5-1846-c7f0-dabb0d7443bc,C:\Users\Administrator\Downloads\bg3-modders-multitool\UnpackedData\Gustav\Mods\Gustav\Story\RawFiles\Goals\Act1_CHA_Chapel.txt,,,,,,,,,1,Mods/Gustav/Story/Dialogs/Act1/Chapel/CHA_Outside_AD_BanditReaction.lsj
GLO_WhatDidThatDo_AD_e0f4869f-3902-00df-1775-28b0bce3c88e,GLO_WhatDidThatDo_AD,e0f4869f-3902-00df-1775-28b0bce3c88e,C:\Users\Administrator\Downloads\bg3-modders-multitool\UnpackedData\Gustav\Mods\GustavDev\Story\RawFiles\Goals\Act2_TWN_CentralSquare.txt,,,,,,,,,1,Mods/Shared/Story/Dialogs/Generics/GLO_WhatDidThatDo_AD.lsj
CHA_Crypt_PAD_ButtonBlocked_e6b7bd9c-dcc5-d347-2423-0628bea2ccb2,CHA_Crypt_PAD_ButtonBlocked,e6b7bd9c-dcc5-d347-2423-0628bea2ccb2,C:\Users\Administrator\Downloads\bg3-modders-multitool\UnpackedData\Gustav\Mods\Gustav\Story\RawFiles\Goals\Act1_CHA_Chapel.txt,,,,,,,,,1,Mods/Gustav/Story/Dialogs/Act1/Chapel/CHA_Crypt_PAD_ButtonBlocked.lsj
CHA_Crypt_SkeletonRisingCinematic_a966e44d-6d7c-48d1-5d3b-6469ae00720b,CHA_Crypt_SkeletonRisingCinematic,a966e44d-6d7c-48d1-5d3b-6469ae00720b,C:\Users\Administrator\Downloads\bg3-modders-multitool\UnpackedData\Gustav\Mods\Gustav\Story\RawFiles\Goals\Act1_CHA_Chapel.txt,,,,,,,,,0,Mods/Gustav/Story/Dialogs/Act1/Chapel/CHA_Crypt_SkeletonRisingCinematic.lsj
CHA_Crypt_JergalWandering_e6d54be6-e5db-b233-88e1-7d51675fc7b6,CHA_Crypt_JergalWandering,e6d54be6-e5db-b233-88e1-7d51675fc7b6,C:\Users\Administrator\Downloads\bg3-modders-multitool\UnpackedData\Gustav\Mods\Gustav\Story\RawFiles\Goals\Act1_CHA_Chapel.txt,,,,,,,,,2,Mods/Gustav/Story/Dialogs/Act1/Chapel/CHA_Crypt_JergalWandering.lsj
NGB_Attack_80d78319-8d61-53c6-053c-c40b8657892f,NGB_Attack,80d78319-8d61-53c6-053c-c40b8657892f,C:\Users\Administrator\Downloads\bg3-modders-multitool\UnpackedData\Gustav\Mods\GustavDev\Story\RawFiles\Goals\Act2_SHA_Necromancer.txt,S_SHA_Necromancer,53651a9f-7ea8-444f-ba2d-224390b72f7d,,,,,,,0,Mods/Shared/Story/Dialogs/Crimes/NGB_Attack.lsj
CHA_Outpost_Crevice_86f2ad81-4c0c-0b37-3870-fcf46e5dfe5d,CHA_Outpost_Crevice,86f2ad81-4c0c-0b37-3870-fcf46e5dfe5d,C:\Users\Administrator\Downloads\bg3-modders-multitool\UnpackedData\Gustav\Mods\Gustav\Story\RawFiles\Goals\Act1_CHA_Forest.txt,,,,,,,,,1,Mods/Gustav/Story/Dialogs/Act1/Chapel/CHA_Outpost_Crevice.lsj
CHA_LaezelRecruitment_AD_OtherDied1_e24afd2d-1b3d-378c-6c5a-d3b48463c681,CHA_LaezelRecruitment_AD_OtherDied1,e24afd2d-1b3d-378c-6c5a-d3b48463c681,C:\Users\Administrator\Downloads\bg3-modders-multitool\UnpackedData\Gustav\Mods\Gustav\Story\RawFiles\Goals\Act1_CHA_LaezelRecruit.txt,S_CHA_CagerLaezel1,2c8537fb-bf73-43a2-a8ff-48e41453adea,,,,,,,1,Mods/Gustav/Story/Dialogs/Act1/Chapel/CHA_LaezelRecruitment_AD_OtherDied1.lsj
CHA_LaezelRecruitment_AD_OtherDied2_edac3a63-4c29-24e5-4bdc-536e124cf700,CHA_LaezelRecruitment_AD_OtherDied2,edac3a63-4c29-24e5-4bdc-536e124cf700,C:\Users\Administrator\Downloads\bg3-modders-multitool\UnpackedData\Gustav\Mods\Gustav\Story\RawFiles\Goals\Act1_CHA_LaezelRecruit.txt,S_CHA_CagerLaezel2,863d6788-5887-45c8-bafa-87128631904e,,,,,,,1,Mods/Gustav/Story/Dialogs/Act1/Chapel/CHA_LaezelRecruitment_AD_OtherDied2.lsj
CHA_LaeZelRecruitment_TieflingsScene_e08f550a-8f06-89f7-40ed-98b02eb515e4,CHA_LaeZelRecruitment_TieflingsScene,e08f550a-8f06-89f7-40ed-98b02eb515e4,C:\Users\Administrator\Downloads\bg3-modders-multitool\UnpackedData\Gustav\Mods\Gustav\Story\RawFiles\Goals\Act1_CHA_LaezelRecruit.txt,,,,,,,,,5,Mods/Gustav/Story/Dialogs/Act1/Chapel/CHA_LaeZelRecruitment_TieflingsScene.lsj
Laezel_Recruitment_InCage_131cf573-180d-5307-6d6e-6a369319e161,Laezel_Recruitment_InCage,131cf573-180d-5307-6d6e-6a369319e161,C:\Users\Administrator\Downloads\bg3-modders-multitool\UnpackedData\Gustav\Mods\GustavDev\Story\RawFiles\Goals\GLO_Origin_Laezel_PostEA.txt,,,,,,,,,2,Mods/Gustav/Story/Dialogs/Companions/Laezel_Recruitment_InCage.lsj
CHA_LaezelRecruitment_PickASide_8780ce61-d16e-79c1-82cc-5d65b9894dd4,CHA_LaezelRecruitment_PickASide,8780ce61-d16e-79c1-82cc-5d65b9894dd4,C:\Users\Administrator\Downloads\bg3-modders-multitool\UnpackedData\Gustav\Mods\Gustav\Story\RawFiles\Goals\Act1_CHA_LaezelRecruit.txt,,,,,,,,,4,Mods/Gustav/Story/Dialogs/Act1/Chapel/CHA_LaezelRecruitment_PickASide.lsj
CHA_LaezelRecruitment_AD_ReturnAnyCombat2_fc919d64-0a3d-1daf-29d5-7d38fb357790,CHA_LaezelRecruitment_AD_ReturnAnyCombat2,fc919d64-0a3d-1daf-29d5-7d38fb357790,C:\Users\Administrator\Downloads\bg3-modders-multitool\UnpackedData\Gustav\Mods\Gustav\Story\RawFiles\Goals\Act1_CHA_LaezelRecruit.txt,S_CHA_CagerLaezel2,863d6788-5887-45c8-bafa-87128631904e,,,,,,,1,Mods/Gustav/Story/Dialogs/Act1/Chapel/CHA_LaezelRecruitment_AD_ReturnAnyCombat2.lsj
CHA_LaezelRecruitment_AD_ReturnAnyCombat1_7336f7d2-b120-88eb-ba80-62d659f50833,CHA_LaezelRecruitment_AD_ReturnAnyCombat1,7336f7d2-b120-88eb-ba80-62d659f50833,C:\Users\Administrator\Downloads\bg3-modders-multitool\UnpackedData\Gustav\Mods\Gustav\Story\RawFiles\Goals\Act1_CHA_LaezelRecruit.txt,S_CHA_CagerLaezel1,2c8537fb-bf73-43a2-a8ff-48e41453adea,,,,,,,1,Mods/Gustav/Story/Dialogs/Act1/Chapel/CHA_LaezelRecruitment_AD_ReturnAnyCombat1.lsj
CHA_LaezelRecruitment_AD_LeavingAnyCombat2_bc21359b-6a27-8e5e-9ad0-798d1d75c111,CHA_LaezelRecruitment_AD_LeavingAnyCombat2,bc21359b-6a27-8e5e-9ad0-798d1d75c111,C:\Users\Administrator\Downloads\bg3-modders-multitool\UnpackedData\Gustav\Mods\Gustav\Story\RawFiles\Goals\Act1_CHA_LaezelRecruit.txt,S_CHA_CagerLaezel2,863d6788-5887-45c8-bafa-87128631904e,,,,,,,1,Mods/Gustav/Story/Dialogs/Act1/Chapel/CHA_LaezelRecruitment_AD_LeavingAnyCombat2.lsj
CHA_LaezelRecruitment_AD_LeavingAnyCombat1_527a8a6f-df2a-52b6-46c7-09469c30fd3c,CHA_LaezelRecruitment_AD_LeavingAnyCombat1,527a8a6f-df2a-52b6-46c7-09469c30fd3c,C:\Users\Administrator\Downloads\bg3-modders-multitool\UnpackedData\Gustav\Mods\Gustav\Story\RawFiles\Goals\Act1_CHA_LaezelRecruit.txt,S_CHA_CagerLaezel1,2c8537fb-bf73-43a2-a8ff-48e41453adea,,,,,,,1,Mods/Gustav/Story/Dialogs/Act1/Chapel/CHA_LaezelRecruitment_AD_LeavingAnyCombat1.lsj
Laezel_Recruitment_Crash_623fcc21-96e1-79c2-5d06-9e48f3a378b3,Laezel_Recruitment_Crash,623fcc21-96e1-79c2-5d06-9e48f3a378b3,C:\Users\Administrator\Downloads\bg3-modders-multitool\UnpackedData\Gustav\Mods\GustavDev\Story\RawFiles\Goals\GLO_Origin_Laezel_PostEA.txt,,,,,,,,,3,Mods/Gustav/Story/Dialogs/Companions/Laezel_Recruitment_Crash.lsj
CHA_LaezelRecruitment_AD_LaezelCombatComment_c46fe60f-d36d-c3cf-1b5d-ff7b2c611fb5,CHA_LaezelRecruitment_AD_LaezelCombatComment,c46fe60f-d36d-c3cf-1b5d-ff7b2c611fb5,C:\Users\Administrator\Downloads\bg3-modders-multitool\UnpackedData\Gustav\Mods\Gustav\Story\RawFiles\Goals\Act1_CHA_LaezelRecruit.txt,,,,,,,,,1,Mods/Gustav/Story/Dialogs/Act1/Chapel/CHA_LaezelRecruitment_AD_LaezelCombatComment.lsj
Laezel_Recruitment_a914c64a-30d8-0428-683a-99dd7879fc83,Laezel_Recruitment,a914c64a-30d8-0428-683a-99dd7879fc83,C:\Users\Administrator\Downloads\bg3-modders-multitool\UnpackedData\Gustav\Mods\GustavDev\Story\RawFiles\Goals\GLO_Origin_Laezel_PostEA.txt,,,,,,,,,3,Mods/Gustav/Story/Dialogs/Companions/Laezel_Recruitment.lsj
CHA_LaeZelRecruitment_LaezelDead_bb9c78e1-182b-69e3-c972-9feb27bd3d2b,CHA_LaeZelRecruitment_LaezelDead,bb9c78e1-182b-69e3-c972-9feb27bd3d2b,C:\Users\Administrator\Downloads\bg3-modders-multitool\UnpackedData\Gustav\Mods\Gustav\Story\RawFiles\Goals\Act1_CHA_LaezelRecruit.txt,,,,,,,,,3,Mods/Gustav/Story/Dialogs/Act1/Chapel/CHA_LaeZelRecruitment_LaezelDead.lsj
ShadowHeart_Recruitment_f553d51e-18ed-659b-e418-56fdca0d0a0a,ShadowHeart_Recruitment,f553d51e-18ed-659b-e418-56fdca0d0a0a,C:\Users\Administrator\Downloads\bg3-modders-multitool\UnpackedData\Gustav\Mods\Gustav\Story\RawFiles\Goals\Act1_CHA_ShadowHeartRecruitment.txt,,,,,,,,,9,Mods/Gustav/Story/Dialogs/Companions/ShadowHeart_Recruitment.lsj
CRA_Crash_c6870e25-3c45-386c-0264-965c48731036,CRA_Crash,c6870e25-3c45-386c-0264-965c48731036,C:\Users\Administrator\Downloads\bg3-modders-multitool\UnpackedData\Gustav\Mods\Gustav\Story\RawFiles\Goals\Act1_CRA_Escape_WakeUp.txt,,,,,,,,,0,Mods/Gustav/Story/Dialogs/Act1/Crash/CRA_Crash.lsj
ShadowHeart_Recruitment_Den_6416a635-e032-25c5-110c-8ff3d885eda4,ShadowHeart_Recruitment_Den,6416a635-e032-25c5-110c-8ff3d885eda4,C:\Users\Administrator\Downloads\bg3-modders-multitool\UnpackedData\Gustav\Mods\Gustav\Story\RawFiles\Goals\Act1_CHA_ShadowHeartRecruitment.txt,,,,,,,,,7,Mods/Gustav/Story/Dialogs/Companions/ShadowHeart_Recruitment_Den.lsj
ShadowHeart_Recruitment_Beach_0e3f617e-1e5a-838c-6e3f-5f36d0470699,ShadowHeart_Recruitment_Beach,0e3f617e-1e5a-838c-6e3f-5f36d0470699,C:\Users\Administrator\Downloads\bg3-modders-multitool\UnpackedData\Gustav\Mods\GustavDev\Story\RawFiles\Goals\BG3_Tut_SavegamePatches.txt,,,,,,,,,2,Mods/Gustav/Story/Dialogs/Companions/ShadowHeart_Recruitment_Beach.lsj
CRA_ShadowheartRecruitment_AD_53262521-fdeb-8cc7-750e-e0dba289398b,CRA_ShadowheartRecruitment_AD,53262521-fdeb-8cc7-750e-e0dba289398b,C:\Users\Administrator\Downloads\bg3-modders-multitool\UnpackedData\Gustav\Mods\Gustav\Story\RawFiles\Goals\Act1_CHA_ShadowHeartRecruitment.txt,,,,,,,,,1,Mods/Gustav/Story/Dialogs/Act1/Crash/CRA_ShadowheartRecruitment_AD.lsj
GOB_Orpheus_VoiceOfAbsolute_ShadowheartHasBox_8996ac21-4624-8bd4-02f2-24c92219d8cd,GOB_Orpheus_VoiceOfAbsolute_ShadowheartHasBox,8996ac21-4624-8bd4-02f2-24c92219d8cd,C:\Users\Administrator\Downloads\bg3-modders-multitool\UnpackedData\Gustav\Mods\Gustav\Story\RawFiles\Goals\Act1_GOB_Orpheus_Protection.txt,,,,,,,,,8,Mods/Gustav/Story/Dialogs/Act1/Goblin/GOB_Orpheus_VoiceOfAbsolute_ShadowheartHasBox.lsj
ShadowHeart_Recruitment_Gob_cd0dd81e-a7b4-1cae-6d4c-750a7a65ff59,ShadowHeart_Recruitment_Gob,cd0dd81e-a7b4-1cae-6d4c-750a7a65ff59,C:\Users\Administrator\Downloads\bg3-modders-multitool\UnpackedData\Gustav\Mods\Gustav\Story\RawFiles\Goals\Act1_CHA_ShadowHeartRecruitment.txt,,,,,,,,,3,Mods/Gustav/Story/Dialogs/Companions/ShadowHeart_Recruitment_Gob.lsj
Astarion_Recruitment_56bc2c0c-f02d-ec4c-ea0b-e7ceac19779a,Astarion_Recruitment,56bc2c0c-f02d-ec4c-ea0b-e7ceac19779a,C:\Users\Administrator\Downloads\bg3-modders-multitool\UnpackedData\Gustav\Mods\Gustav\Story\RawFiles\Goals\Act1_CRA_AstarionRecruitment.txt,S_Player_Astarion,c7c13742-bacd-460a-8f65-f864fe41f255,,,,,,,11,Mods/Gustav/Story/Dialogs/Companions/Astarion_Recruitment.lsj
CRA_HarperBooster_ScaredBoar_285981ce-257e-ca94-086a-033b5a0a1140,CRA_HarperBooster_ScaredBoar,285981ce-257e-ca94-086a-033b5a0a1140,C:\Users\Administrator\Downloads\bg3-modders-multitool\UnpackedData\Gustav\Mods\Gustav\Story\RawFiles\Goals\Act1_CRA_Boosters.txt,S_CRA_ScaredBoar,e352fae8-f49a-4f1d-b131-ea10af7591c9,,,,,,,2,Mods/Gustav/Story/Dialogs/Act1/Crash/CRA_HarperBooster_ScaredBoar.lsj
CRA_HarperBooster_AD_Rock_dc90f670-502a-4e18-1d6f-be59d34a1679,CRA_HarperBooster_AD_Rock,dc90f670-502a-4e18-1d6f-be59d34a1679,C:\Users\Administrator\Downloads\bg3-modders-multitool\UnpackedData\Gustav\Mods\Gustav\Story\RawFiles\Goals\Act1_CRA_Boosters.txt,,,,,,,,,1,Mods/Gustav/Story/Dialogs/Act1/Crash/CRA_HarperBooster_AD_Rock.lsj
CRA_DeadPrisoner_Dead_063b6ebc-830a-c0ec-8235-0105398eb8c6,CRA_DeadPrisoner_Dead,063b6ebc-830a-c0ec-8235-0105398eb8c6,C:\Users\Administrator\Downloads\bg3-modders-multitool\UnpackedData\Gustav\Mods\Gustav\Story\RawFiles\Goals\Act1_CRA_Boosters.txt,,,,,,,,,2,Mods/Gustav/Story/Dialogs/Act1/Crash/CRA_DeadPrisoner_Dead.lsj
CRA_DeadFisherman2_Dead_ec699cc0-ac27-956f-c920-1a78026e2608,CRA_DeadFisherman2_Dead,ec699cc0-ac27-956f-c920-1a78026e2608,C:\Users\Administrator\Downloads\bg3-modders-multitool\UnpackedData\Gustav\Mods\Gustav\Story\RawFiles\Goals\Act1_CRA_Boosters.txt,,,,,,,,,2,Mods/Gustav/Story/Dialogs/Act1/Crash/CRA_DeadFisherman2_Dead.lsj
CRA_DeadFisherman5_Dead_e7e32d94-f310-31df-4362-1ba96891f408,CRA_DeadFisherman5_Dead,e7e32d94-f310-31df-4362-1ba96891f408,C:\Users\Administrator\Downloads\bg3-modders-multitool\UnpackedData\Gustav\Mods\Gustav\Story\RawFiles\Goals\Act1_CRA_Boosters.txt,,,,,,,,,2,Mods/Gustav/Story/Dialogs/Act1/Crash/CRA_DeadFisherman5_Dead.lsj
CRA_Boosters_PAD_DeadGuide_133f5296-75cf-37c6-3735-51891d14a238,CRA_Boosters_PAD_DeadGuide,133f5296-75cf-37c6-3735-51891d14a238,C:\Users\Administrator\Downloads\bg3-modders-multitool\UnpackedData\Gustav\Mods\Gustav\Story\RawFiles\Goals\Act1_CRA_Boosters.txt,,,,,,,,,1,Mods/GustavDev/Story/Dialogs/Act1/Crash/CRA_Boosters_PAD_DeadGuide.lsj
CRA_LaezelWakingUp_1994eda9-c2bb-cc14-554a-72883d7331eb,CRA_LaezelWakingUp,1994eda9-c2bb-cc14-554a-72883d7331eb,C:\Users\Administrator\Downloads\bg3-modders-multitool\UnpackedData\Gustav\Mods\Gustav\Story\RawFiles\Goals\Act1_CRA_Escape_WakeUp.txt,,,,,,,,,1,Mods/Gustav/Story/Dialogs/Act1/Crash/CRA_LaezelWakingUp.lsj
CRA_AvatarWakesUp_c67aba56-f03c-06a3-2f3c-a6a0a8625680,CRA_AvatarWakesUp,c67aba56-f03c-06a3-2f3c-a6a0a8625680,C:\Users\Administrator\Downloads\bg3-modders-multitool\UnpackedData\Gustav\Mods\Gustav\Story\RawFiles\Goals\Act1_CRA_Escape_WakeUp.txt,,,,,,,,,1,Mods/Gustav/Story/Dialogs/Act1/Crash/CRA_AvatarWakesUp.lsj
CRA_Escape_PAD_FirstIntellectDevourerCombat_6ec32daf-8cd3-d721-d2f4-e03f73472a15,CRA_Escape_PAD_FirstIntellectDevourerCombat,6ec32daf-8cd3-d721-d2f4-e03f73472a15,C:\Users\Administrator\Downloads\bg3-modders-multitool\UnpackedData\Gustav\Mods\Gustav\Story\RawFiles\Goals\Act1_CRA_Escape_IntellectDevourers.txt,,,,,,,,,1,Mods/Gustav/Story/Dialogs/Act1/Crash/CRA_Escape_PAD_FirstIntellectDevourerCombat.lsj
CRA_Escape_Mindflayer_91f3b889-e31d-f687-2f57-b18c2e8a5048,CRA_Escape_Mindflayer,91f3b889-e31d-f687-2f57-b18c2e8a5048,C:\Users\Administrator\Downloads\bg3-modders-multitool\UnpackedData\Gustav\Mods\Gustav\Story\RawFiles\Goals\Act1_CRA_Escape_Mindflayer.txt,,,,,,,,,8,Mods/Gustav/Story/Dialogs/Act1/Crash/CRA_Escape_Mindflayer.lsj
DEN_AdventurersQuest_RobbedAdventurerAtCorpses_ff43b1c2-9385-e13d-a4b8-16df167eb307,DEN_AdventurersQuest_RobbedAdventurerAtCorpses,ff43b1c2-9385-e13d-a4b8-16df167eb307,C:\Users\Administrator\Downloads\bg3-modders-multitool\UnpackedData\Gustav\Mods\Gustav\Story\RawFiles\Goals\Act1_DEN_AdventurersQuest.txt,S_DEN_RobbedAdventurer,534bceaf-678c-40a0-8ca9-e1134f95ba0d,,,,,,,1,Mods/Gustav/Story/Dialogs/Act1/DEN/DEN_AdventurersQuest_RobbedAdventurerAtCorpses.lsj
DEN_AdventurerLeader_46fea64f-e098-2df5-f4ee-825080ef9728,DEN_AdventurerLeader,46fea64f-e098-2df5-f4ee-825080ef9728,C:\Users\Administrator\Downloads\bg3-modders-multitool\UnpackedData\Gustav\Mods\Gustav\Story\RawFiles\Goals\Act1_DEN_AdventurersQuest.txt,S_DEN_AdventurerLeader,82d1b843-9e8c-48a5-9d87-caddea5c193c,,,,,,,2,Mods/Gustav/Story/Dialogs/Act1/DEN/DEN_AdventurerLeader.lsj
DEN_Apprentice_AD_TadpoledCombat_0693ec5c-79da-3444-a6dd-542d4d1a46a7,DEN_Apprentice_AD_TadpoledCombat,0693ec5c-79da-3444-a6dd-542d4d1a46a7,C:\Users\Administrator\Downloads\bg3-modders-multitool\UnpackedData\Gustav\Mods\Gustav\Story\RawFiles\Goals\Act1_DEN_Apprentice.txt,S_DEN_Apprentice,7cabf226-e34b-4556-8903-a45d0fe26caf,,,,,,,1,Mods/Gustav/Story/Dialogs/Act1/DEN/DEN_Apprentice_AD_TadpoledCombat.lsj
DEN_AttackOnDen_AD_ApprenticeLastStand_8824181c-149a-dcf2-935a-046d5431a2df,DEN_AttackOnDen_AD_ApprenticeLastStand,8824181c-149a-dcf2-935a-046d5431a2df,C:\Users\Administrator\Downloads\bg3-modders-multitool\UnpackedData\Gustav\Mods\Gustav\Story\RawFiles\Goals\Act1_DEN_Apprentice.txt,S_DEN_Apprentice,7cabf226-e34b-4556-8903-a45d0fe26caf,,,,,,,1,Mods/Gustav/Story/Dialogs/Act1/DEN/DEN_AttackOnDen_AD_ApprenticeLastStand.lsj
DEN_Apprentice_Dead_31647b3a-c130-6206-4e07-491b588de2e9,DEN_Apprentice_Dead,31647b3a-c130-6206-4e07-491b588de2e9,C:\Users\Administrator\Downloads\bg3-modders-multitool\UnpackedData\Gustav\Mods\Gustav\Story\RawFiles\Goals\Act1_DEN_Apprentice.txt,,,,,,,,,2,Mods/Gustav/Story/Dialogs/Act1/DEN/DEN_SpeakWithDead/DEN_Apprentice_Dead.lsj
DEN_DissectedDrow_Dead_8dffcf93-b16d-98d6-1ba6-1f6dc9b86342,DEN_DissectedDrow_Dead,8dffcf93-b16d-98d6-1ba6-1f6dc9b86342,C:\Users\Administrator\Downloads\bg3-modders-multitool\UnpackedData\Gustav\Mods\Gustav\Story\RawFiles\Goals\Act1_DEN_Apprentice.txt,,,,,,,,,2,Mods/Gustav/Story/Dialogs/Act1/DEN/DEN_SpeakWithDead/DEN_DissectedDrow_Dead.lsj
DEN_AttackOnDen_RaidersArriveBeforeFight_b99a0f87-92fa-0e6f-1bf4-c668ae3d012b,DEN_AttackOnDen_RaidersArriveBeforeFight,b99a0f87-92fa-0e6f-1bf4-c668ae3d012b,C:\Users\Administrator\Downloads\bg3-modders-multitool\UnpackedData\Gustav\Mods\Gustav\Story\RawFiles\Goals\Act1_DEN_AttackOnDen.txt,,,,,,,,,5,Mods/Gustav/Story/Dialogs/Act1/DEN/DEN_AttackOnDen_RaidersArriveBeforeFight.lsj
DEN_AttackOnDen_LairDoor_bdb3218d-bd21-d32a-e5f7-8df82e2e37a6,DEN_AttackOnDen_LairDoor,bdb3218d-bd21-d32a-e5f7-8df82e2e37a6,C:\Users\Administrator\Downloads\bg3-modders-multitool\UnpackedData\Gustav\Mods\Gustav\Story\RawFiles\Goals\Act1_DEN_AttackOnDen.txt,,,,,,,,,3,Mods/Gustav/Story/Dialogs/Act1/DEN/DEN_AttackOnDen_LairDoor.lsj
DEN_AttackOnDen_EntranceMeetingWyll_fe7e5e63-53eb-3cba-c140-f7f5e4e68571,DEN_AttackOnDen_EntranceMeetingWyll,fe7e5e63-53eb-3cba-c140-f7f5e4e68571,C:\Users\Administrator\Downloads\bg3-modders-multitool\UnpackedData\Gustav\Mods\Gustav\Story\RawFiles\Goals\Act1_DEN_AttackOnDen.txt,,,,,,,,,2,Mods/Gustav/Story/Dialogs/Act1/DEN/DEN_AttackOnDen_EntranceMeetingWyll.lsj
DEN_AttackOnDen_RaidersArriveAfterFight_f5fbe4d0-7e3e-f9a8-1e5c-3eb4f0561a8c,DEN_AttackOnDen_RaidersArriveAfterFight,f5fbe4d0-7e3e-f9a8-1e5c-3eb4f0561a8c,C:\Users\Administrator\Downloads\bg3-modders-multitool\UnpackedData\Gustav\Mods\Gustav\Story\RawFiles\Goals\Act1_DEN_AttackOnDen.txt,,,,,,,,,2,Mods/Gustav/Story/Dialogs/Act1/DEN/DEN_AttackOnDen_RaidersArriveAfterFight.lsj
DEN_AttackOnDen_MindMeldAfterCombat_861cbf47-f9ab-f0c4-5ff7-821eb491bbaa,DEN_AttackOnDen_MindMeldAfterCombat,861cbf47-f9ab-f0c4-5ff7-821eb491bbaa,C:\Users\Administrator\Downloads\bg3-modders-multitool\UnpackedData\Gustav\Mods\Gustav\Story\RawFiles\Goals\Act1_DEN_AttackOnDen.txt,,,,,,,,,1,Mods/Gustav/Story/Dialogs/Act1/DEN/DEN_AttackOnDen_MindMeldAfterCombat.lsj
DEN_AttackOnDen_ChefAndSon_133f2381-a171-71f8-859d-9b9660d6e69b,DEN_AttackOnDen_ChefAndSon,133f2381-a171-71f8-859d-9b9660d6e69b,C:\Users\Administrator\Downloads\bg3-modders-multitool\UnpackedData\Gustav\Mods\Gustav\Story\RawFiles\Goals\Act1_DEN_AttackOnDen.txt,,,,,,,,,3,Mods/Gustav/Story/Dialogs/Act1/DEN/DEN_AttackOnDen_ChefAndSon.lsj
DEN_AttackOnDen_EntranceMeeting_278c9ec1-02f0-c9ae-01d8-cd4507ce40cc,DEN_AttackOnDen_EntranceMeeting,278c9ec1-02f0-c9ae-01d8-cd4507ce40cc,C:\Users\Administrator\Downloads\bg3-modders-multitool\UnpackedData\Gustav\Mods\Gustav\Story\RawFiles\Goals\Act1_DEN_AttackOnDen.txt,,,,,,,,,2,Mods/Gustav/Story/Dialogs/Act1/DEN/DEN_AttackOnDen_EntranceMeeting.lsj
DEN_AttackOnDen_TieflingVictory_cedf9ba4-12ce-7d43-3e47-8cce3a00cc9f,DEN_AttackOnDen_TieflingVictory,cedf9ba4-12ce-7d43-3e47-8cce3a00cc9f,C:\Users\Administrator\Downloads\bg3-modders-multitool\UnpackedData\Gustav\Mods\Gustav\Story\RawFiles\Goals\Act1_DEN_AttackOnDen.txt,,,,,,,,,1,Mods/Gustav/Story/Dialogs/Act1/DEN/DEN_AttackOnDen_TieflingVictory.lsj
DEN_AttackOnDen_TrainerVictory_611c2e09-f1d8-2b46-9aac-200aed1af200,DEN_AttackOnDen_TrainerVictory,611c2e09-f1d8-2b46-9aac-200aed1af200,C:\Users\Administrator\Downloads\bg3-modders-multitool\UnpackedData\Gustav\Mods\Gustav\Story\RawFiles\Goals\Act1_DEN_AttackOnDen.txt,,,,,,,,,1,Mods/Gustav/Story/Dialogs/Act1/DEN/DEN_AttackOnDen_TrainerVictory.lsj
DEN_AttackOnDen_RaiderBold_99c60df5-bcb1-3d3f-0451-de05a559f3b9,DEN_AttackOnDen_RaiderBold,99c60df5-bcb1-3d3f-0451-de05a559f3b9,C:\Users\Administrator\Downloads\bg3-modders-multitool\UnpackedData\Gustav\Mods\Gustav\Story\RawFiles\Goals\Act1_DEN_AttackOnDen.txt,S_GOB_RaiderBold,1c9fd1dd-12bc-4b81-acb8-9eef54174c55,,,,,,,1,Mods/Gustav/Story/Dialogs/Act1/DEN/DEN_AttackOnDen_RaiderBold.lsj
DEN_AttackOnDen_BackupLeader_92b83e7a-534b-ebbc-8e8a-7a89d0d1bdab,DEN_AttackOnDen_BackupLeader,92b83e7a-534b-ebbc-8e8a-7a89d0d1bdab,C:\Users\Administrator\Downloads\bg3-modders-multitool\UnpackedData\Gustav\Mods\Gustav\Story\RawFiles\Goals\Act1_DEN_AttackOnDen.txt,,,,,,,,,2,Mods/Gustav/Story/Dialogs/Act1/DEN/DEN_AttackOnDen_BackupLeader.lsj
DEN_AttackOnDen_AD_BetrayedLeader_bb1f8e2c-c994-9fef-77ee-43776438724a,DEN_AttackOnDen_AD_BetrayedLeader,bb1f8e2c-c994-9fef-77ee-43776438724a,C:\Users\Administrator\Downloads\bg3-modders-multitool\UnpackedData\Gustav\Mods\Gustav\Story\RawFiles\Goals\Act1_DEN_AttackOnDen.txt,S_DEN_TieflingLeader,475200ee-cc3c-4dbe-84b1-1820c02ea26a,,,,,,,1,Mods/Gustav/Story/Dialogs/Act1/DEN/DEN_AttackOnDen_AD_BetrayedLeader.lsj
DEN_AttackOnDen_AD_BetrayedTrainer_516c0159-34e1-3a7e-af5c-db273c30c5f8,DEN_AttackOnDen_AD_BetrayedTrainer,516c0159-34e1-3a7e-af5c-db273c30c5f8,C:\Users\Administrator\Downloads\bg3-modders-multitool\UnpackedData\Gustav\Mods\Gustav\Story\RawFiles\Goals\Act1_DEN_AttackOnDen.txt,S_DEN_Trainer,02025646-347a-4235-aef7-e46b7c94b435,,,,,,,1,Mods/Gustav/Story/Dialogs/Act1/DEN/DEN_AttackOnDen_AD_BetrayedTrainer.lsj
DEN_AttackOnDen_AD_CoweringStargazer_ea9288f9-cf9d-699b-f14d-5453ad02f7a2,DEN_AttackOnDen_AD_CoweringStargazer,ea9288f9-cf9d-699b-f14d-5453ad02f7a2,C:\Users\Administrator\Downloads\bg3-modders-multitool\UnpackedData\Gustav\Mods\Gustav\Story\RawFiles\Goals\Act1_DEN_AttackOnDen.txt,S_GLO_Stargazer,cd442e20-a6de-4497-ac51-8466433a758e,,,,,,,1,Mods/Gustav/Story/Dialogs/Act1/DEN/DEN_AttackOnDen_AD_CoweringStargazer.lsj
DEN_AttackOnDen_AD_CoweringRefugee002_70430065-7b4b-9ce1-754a-e465da63e256,DEN_AttackOnDen_AD_CoweringRefugee002,70430065-7b4b-9ce1-754a-e465da63e256,C:\Users\Administrator\Downloads\bg3-modders-multitool\UnpackedData\Gustav\Mods\Gustav\Story\RawFiles\Goals\Act1_DEN_AttackOnDen.txt,S_GLO_YoungLover_01,dd9178e7-1e3f-43bc-8a38-666dfcac7d0c,,,,,,,1,Mods/Gustav/Story/Dialogs/Act1/DEN/DEN_AttackOnDen_AD_CoweringRefugee002.lsj
DEN_AttackOnDen_AD_CoweringRefugee003_e25319b2-2314-2580-0602-28f3c2a3bed2,DEN_AttackOnDen_AD_CoweringRefugee003,e25319b2-2314-2580-0602-28f3c2a3bed2,C:\Users\Administrator\Downloads\bg3-modders-multitool\UnpackedData\Gustav\Mods\Gustav\Story\RawFiles\Goals\Act1_DEN_AttackOnDen.txt,S_GLO_YoungLover_02,dcf597c0-36c5-4c81-957a-6fe9fca50a68,,,,,,,1,Mods/Gustav/Story/Dialogs/Act1/DEN/DEN_AttackOnDen_AD_CoweringRefugee003.lsj
DEN_AttackOnDen_AD_CoweringRefugee004_3f4d9410-893a-185e-0470-9730eb9387e8,DEN_AttackOnDen_AD_CoweringRefugee004,3f4d9410-893a-185e-0470-9730eb9387e8,C:\Users\Administrator\Downloads\bg3-modders-multitool\UnpackedData\Gustav\Mods\Gustav\Story\RawFiles\Goals\Act1_DEN_AttackOnDen.txt,S_DEN_TieflingRefugee_004,bc4c4282-86b0-4330-9df8-246ed0a704a2,,,,,,,1,Mods/Gustav/Story/Dialogs/Act1/DEN/DEN_AttackOnDen_AD_CoweringRefugee004.lsj
DEN_AttackOnDen_DruidTransition_a3b23114-ecc0-59bd-2ff5-1faa501b89e8,DEN_AttackOnDen_DruidTransition,a3b23114-ecc0-59bd-2ff5-1faa501b89e8,C:\Users\Administrator\Downloads\bg3-modders-multitool\UnpackedData\Gustav\Mods\Gustav\Story\RawFiles\Goals\Act1_DEN_AttackOnDen.txt,,,,,,,,,0,Not found
DEN_CapturedGoblin_GuardsGrieve_1a4367a3-5c1a-e5cc-58ea-0e0745597d2a,DEN_CapturedGoblin_GuardsGrieve,1a4367a3-5c1a-e5cc-58ea-0e0745597d2a,C:\Users\Administrator\Downloads\bg3-modders-multitool\UnpackedData\Gustav\Mods\Gustav\Story\RawFiles\Goals\Act1_DEN_CapturedGoblin.txt,,,,,,,,,4,Mods/Gustav/Story/Dialogs/Act1/DEN/DEN_CapturedGoblin_GuardsGrieve.lsj
GEB_AD_CantTalkNow_ae991ba1-8a2e-9cc7-b4c2-379af7f058c5,GEB_AD_CantTalkNow,ae991ba1-8a2e-9cc7-b4c2-379af7f058c5,C:\Users\Administrator\Downloads\bg3-modders-multitool\UnpackedData\Shared\Mods\Shared\Story\RawFiles\Goals\_CRIME_DefaultDialogs.txt,,,,,,,,,1,Mods/Shared/Story/Dialogs/Generics/GEB_AD_CantTalkNow.lsj
DEN_CapturedGoblin_GuardsAvenge_4bedcdef-dad2-b1b2-5b1a-85ffb783e1c9,DEN_CapturedGoblin_GuardsAvenge,4bedcdef-dad2-b1b2-5b1a-85ffb783e1c9,C:\Users\Administrator\Downloads\bg3-modders-multitool\UnpackedData\Gustav\Mods\Gustav\Story\RawFiles\Goals\Act1_DEN_CapturedGoblin.txt,,,,,,,,,5,Mods/Gustav/Story/Dialogs/Act1/DEN/DEN_CapturedGoblin_GuardsAvenge.lsj
DEN_DruidAttack_Gatekeeper_b2017c64-1221-362d-794d-16fae9bdb765,DEN_DruidAttack_Gatekeeper,b2017c64-1221-362d-794d-16fae9bdb765,C:\Users\Administrator\Downloads\bg3-modders-multitool\UnpackedData\Gustav\Mods\Gustav\Story\RawFiles\Goals\Act1_DEN_DruidAttack.txt,S_DEN_Gatekeeper,847717b3-82eb-45a7-b875-78665c12ce9a,,,,,,,1,Mods/Gustav/Story/Dialogs/Act1/DEN/DEN_DruidAttack_Gatekeeper.lsj
DEN_DruidAttack_DruidGuard001_32828100-ccd2-8936-34a9-204d8f1e0888,DEN_DruidAttack_DruidGuard001,32828100-ccd2-8936-34a9-204d8f1e0888,C:\Users\Administrator\Downloads\bg3-modders-multitool\UnpackedData\Gustav\Mods\Gustav\Story\RawFiles\Goals\Act1_DEN_DruidAttack.txt,S_DEN_DruidGuard_001,d1de6b4d-02d1-47f9-8e9e-55a593e3dc71,,,,,,,1,Mods/Gustav/Story/Dialogs/Act1/DEN/DEN_DruidAttack_DruidGuard001.lsj
GEB_DEN_DruidAttack_AD_NoticedIdolStolen_f9c88974-84e1-9a76-3edf-8568ddff6b62,GEB_DEN_DruidAttack_AD_NoticedIdolStolen,f9c88974-84e1-9a76-3edf-8568ddff6b62,C:\Users\Administrator\Downloads\bg3-modders-multitool\UnpackedData\Gustav\Mods\Gustav\Story\RawFiles\Goals\Act1_DEN_DruidAttack.txt,,,,,,,,,1,Mods/Gustav/Story/Dialogs/Act1/DEN/GEB_DEN_DruidAttack_AD_NoticedIdolStolen.lsj
DEN_DruidLair_FrescoFoundingGrove_3e01b73e-fc42-c734-40f3-3bfd62919620,DEN_DruidLair_FrescoFoundingGrove,3e01b73e-fc42-c734-40f3-3bfd62919620,C:\Users\Administrator\Downloads\bg3-modders-multitool\UnpackedData\Gustav\Mods\Gustav\Story\RawFiles\Goals\Act1_DEN_DruidLair.txt,,,,,,,,,1,Mods/Gustav/Story/Dialogs/Act1/DEN/DEN_DruidLair_FrescoFoundingGrove.lsj
DEN_DruidLair_FrescoWorking_1c465891-6671-fedc-4a71-56492cca2519,DEN_DruidLair_FrescoWorking,1c465891-6671-fedc-4a71-56492cca2519,C:\Users\Administrator\Downloads\bg3-modders-multitool\UnpackedData\Gustav\Mods\Gustav\Story\RawFiles\Goals\Act1_DEN_DruidLair.txt,,,,,,,,,1,Mods/Gustav/Story/Dialogs/Act1/DEN/DEN_DruidLair_FrescoWorking.lsj
DEN_DruidLair_FrescoAlliance_dad29fbd-4434-93dd-2375-103da9199fe4,DEN_DruidLair_FrescoAlliance,dad29fbd-4434-93dd-2375-103da9199fe4,C:\Users\Administrator\Downloads\bg3-modders-multitool\UnpackedData\Gustav\Mods\Gustav\Story\RawFiles\Goals\Act1_DEN_DruidLair.txt,,,,,,,,,1,Mods/Gustav/Story/Dialogs/Act1/DEN/DEN_DruidLair_FrescoAlliance.lsj
DEN_DruidLair_FrescoVictory_ced9223e-8bde-3c44-1474-ded0b40e05f1,DEN_DruidLair_FrescoVictory,ced9223e-8bde-3c44-1474-ded0b40e05f1,C:\Users\Administrator\Downloads\bg3-modders-multitool\UnpackedData\Gustav\Mods\Gustav\Story\RawFiles\Goals\Act1_DEN_DruidLair.txt,,,,,,,,,2,Mods/Gustav/Story/Dialogs/Act1/DEN/DEN_DruidLair_FrescoVictory.lsj
DEN_RaidingParty_OpenGate_0310abff-a694-177e-1aa0-a431556a3f3c,DEN_RaidingParty_OpenGate,0310abff-a694-177e-1aa0-a431556a3f3c,C:\Users\Administrator\Downloads\bg3-modders-multitool\UnpackedData\Gustav\Mods\Gustav\Story\RawFiles\Goals\Act1_DEN_RaidingParty.txt,,,,,,,,,1,Mods/Gustav/Story/Dialogs/Act1/DEN/DEN_RaidingParty_OpenGate.lsj
DEN_ScoutCaptive_Dead_e85a4cfe-5ab4-f8f9-be04-3e256cb003f9,DEN_ScoutCaptive_Dead,e85a4cfe-5ab4-f8f9-be04-3e256cb003f9,C:\Users\Administrator\Downloads\bg3-modders-multitool\UnpackedData\Gustav\Mods\Gustav\Story\RawFiles\Goals\Act1_DEN_GoblinScouts.txt,S_DEN_ScoutCaptive,f5b5819f-1636-4f2e-82bb-709522cc399f,,,,,,,2,Mods/Gustav/Story/Dialogs/Act1/DEN/DEN_SpeakWithDead/DEN_ScoutCaptive_Dead.lsj
DEN_Tunnel_PAD_TunnelTurret_507d25a4-30ca-388f-fe58-2aea65e992fb,DEN_Tunnel_PAD_TunnelTurret,507d25a4-30ca-388f-fe58-2aea65e992fb,C:\Users\Administrator\Downloads\bg3-modders-multitool\UnpackedData\Gustav\Mods\Gustav\Story\RawFiles\Goals\Act1_DEN_GoblinScouts.txt,,,,,,,,,1,Mods/Gustav/Story/Dialogs/Act1/DEN/DEN_Tunnel_PAD_TunnelTurret.lsj
DEN_GoblinScouts_efa256b9-5fe2-dbcb-9e33-633c34b3ed9a,DEN_GoblinScouts,efa256b9-5fe2-dbcb-9e33-633c34b3ed9a,C:\Users\Administrator\Downloads\bg3-modders-multitool\UnpackedData\Gustav\Mods\Gustav\Story\RawFiles\Goals\Act1_DEN_GoblinScouts.txt,,,,,,,,,2,Mods/Gustav/Story/Dialogs/Act1/DEN/DEN_GoblinScouts.lsj
DEN_General_Dead_TieflingLeader_0c01fb78-47c4-e999-c4e1-fe343883e04d,DEN_General_Dead_TieflingLeader,0c01fb78-47c4-e999-c4e1-fe343883e04d,C:\Users\Administrator\Downloads\bg3-modders-multitool\UnpackedData\Gustav\Mods\Gustav\Story\RawFiles\Goals\Act1_DEN_Graves.txt,,,,,,,,,2,Mods/Gustav/Story/Dialogs/Act1/DEN/DEN_SpeakWithDead/DEN_General_Dead_TieflingLeader.lsj
DEN_General_Dead_AdventurerLeader_9102f240-012e-4a4a-8466-76eecc00a73a,DEN_General_Dead_AdventurerLeader,9102f240-012e-4a4a-8466-76eecc00a73a,C:\Users\Administrator\Downloads\bg3-modders-multitool\UnpackedData\Gustav\Mods\Gustav\Story\RawFiles\Goals\Act1_DEN_Graves.txt,,,,,,,,,2,Mods/Gustav/Story/Dialogs/Act1/DEN/DEN_SpeakWithDead/DEN_General_Dead_AdventurerLeader.lsj
DEN_General_Dead_Kanon_9e2a1e1f-82e5-78e8-86f0-d6ea5b77cdc2,DEN_General_Dead_Kanon,9e2a1e1f-82e5-78e8-86f0-d6ea5b77cdc2,C:\Users\Administrator\Downloads\bg3-modders-multitool\UnpackedData\Gustav\Mods\Gustav\Story\RawFiles\Goals\Act1_DEN_Graves.txt,,,,,,,,,2,Mods/Gustav/Story/Dialogs/Act1/DEN/DEN_SpeakWithDead/DEN_General_Dead_Kanon.lsj
DEN_HagTrader_AD_Flee_5c058817-e0e5-883d-857a-4440a7749c49,DEN_HagTrader_AD_Flee,5c058817-e0e5-883d-857a-4440a7749c49,C:\Users\Administrator\Downloads\bg3-modders-multitool\UnpackedData\Gustav\Mods\GustavDev\Story\RawFiles\Goals\BG3_Act1_SavegamePatches.txt,,,S_HAG_Hag,c457d064-83fb-4ec6-b74d-1f30dfafd12d,,,,,1,Mods/Gustav/Story/Dialogs/Act1/DEN/DEN_HagTrader_AD_Flee.lsj
DEN_HarpyMeal_AD_HarpyAttacks_92ccae30-c257-0f94-575d-4e04ec7e8ca2,DEN_HarpyMeal_AD_HarpyAttacks,92ccae30-c257-0f94-575d-4e04ec7e8ca2,C:\Users\Administrator\Downloads\bg3-modders-multitool\UnpackedData\Gustav\Mods\Gustav\Story\RawFiles\Goals\Act1_DEN_HarpyMeal.txt,,,,,,,,,1,Mods/Gustav/Story/Dialogs/Act1/DEN/DEN_HarpyMeal_AD_HarpyAttacks.lsj
DEN_HarpyMeal_CharmedVictim_c6beeee9-6c35-4b8b-8b86-2a15a28f556c,DEN_HarpyMeal_CharmedVictim,c6beeee9-6c35-4b8b-8b86-2a15a28f556c,C:\Users\Administrator\Downloads\bg3-modders-multitool\UnpackedData\Gustav\Mods\Gustav\Story\RawFiles\Goals\Act1_DEN_HarpyMeal.txt,S_DEN_CharmedKid,3b92c689-6024-4446-a6c9-584e9e8d77ca,,,,,,,6,Mods/Gustav/Story/Dialogs/Act1/DEN/DEN_HarpyMeal_CharmedVictim.lsj
DEN_HarpyMeal_CharmedVictim_Wildshape_fde88a45-4b5f-367d-7713-d5d23b743f88,DEN_HarpyMeal_CharmedVictim_Wildshape,fde88a45-4b5f-367d-7713-d5d23b743f88,C:\Users\Administrator\Downloads\bg3-modders-multitool\UnpackedData\Gustav\Mods\Gustav\Story\RawFiles\Goals\Act1_DEN_HarpyMeal.txt,,,,,,,,,2,Mods/Gustav/Story/Dialogs/Act1/DEN/DEN_HarpyMeal_CharmedVictim_Wildshape.lsj
DEN_HarpyMeal_AfterHarpyEncounter_4632f7e4-5423-2308-858d-b62b3f525ca5,DEN_HarpyMeal_AfterHarpyEncounter,4632f7e4-5423-2308-858d-b62b3f525ca5,C:\Users\Administrator\Downloads\bg3-modders-multitool\UnpackedData\Gustav\Mods\Gustav\Story\RawFiles\Goals\Act1_DEN_HarpyMeal.txt,,,,,,,,,2,Mods/Gustav/Story/Dialogs/Act1/DEN/DEN_HarpyMeal_AfterHarpyEncounter.lsj
DEN_HarpyMeal_InHideout_57caac6b-60f6-2776-0e57-09da3104e7ee,DEN_HarpyMeal_InHideout,57caac6b-60f6-2776-0e57-09da3104e7ee,C:\Users\Administrator\Downloads\bg3-modders-multitool\UnpackedData\Gustav\Mods\Gustav\Story\RawFiles\Goals\Act1_DEN_HarpyMeal.txt,,,,,,,,,2,Mods/Gustav/Story/Dialogs/Act1/DEN/DEN_HarpyMeal_InHideout.lsj
DEN_AttackOnDen_HalsinReturns_d9c2a89e-13fa-57f7-0fcf-4dfada32d693,DEN_AttackOnDen_HalsinReturns,d9c2a89e-13fa-57f7-0fcf-4dfada32d693,C:\Users\Administrator\Downloads\bg3-modders-multitool\UnpackedData\Gustav\Mods\Gustav\Story\RawFiles\Goals\GLO_Journal.txt,,,,,,,,,2,Mods/Gustav/Story/Dialogs/Act1/DEN/DEN_AttackOnDen_HalsinReturns.lsj
DEN_AttackOnDen_HalsinAndDruidLeader_790030b5-e20e-ff34-30e4-740e904fa6c7,DEN_AttackOnDen_HalsinAndDruidLeader,790030b5-e20e-ff34-30e4-740e904fa6c7,C:\Users\Administrator\Downloads\bg3-modders-multitool\UnpackedData\Gustav\Mods\Gustav\Story\RawFiles\Goals\GLO_Journal.txt,,,,,,,,,3,Mods/Gustav/Story/Dialogs/Act1/DEN/DEN_AttackOnDen_HalsinAndDruidLeader.lsj
DEN_HagTrader_AD_GreetingPlayer_43502f23-c748-de1e-2078-f409cb755165,DEN_HagTrader_AD_GreetingPlayer,43502f23-c748-de1e-2078-f409cb755165,C:\Users\Administrator\Downloads\bg3-modders-multitool\UnpackedData\Gustav\Mods\Gustav\Story\RawFiles\Goals\Act1_DEN_Misc.txt,S_HAG_Hag,c457d064-83fb-4ec6-b74d-1f30dfafd12d,,,,,,,1,Mods/Gustav/Story/Dialogs/Act1/DEN/DEN_HagTrader_AD_GreetingPlayer.lsj
DEN_Trainer_AD_GreetingPlayer_2b7577d9-ea31-bb1f-6121-6340f782cd80,DEN_Trainer_AD_GreetingPlayer,2b7577d9-ea31-bb1f-6121-6340f782cd80,C:\Users\Administrator\Downloads\bg3-modders-multitool\UnpackedData\Gustav\Mods\Gustav\Story\RawFiles\Goals\Act1_DEN_Misc.txt,S_DEN_Trainer,02025646-347a-4235-aef7-e46b7c94b435,,,,,,,1,Mods/Gustav/Story/Dialogs/Act1/DEN/DEN_Trainer_AD_GreetingPlayer.lsj
DEN_Volo_AD_GreetingPlayer_54371743-de6a-cfa8-8d15-1b49afd1d180,DEN_Volo_AD_GreetingPlayer,54371743-de6a-cfa8-8d15-1b49afd1d180,C:\Users\Administrator\Downloads\bg3-modders-multitool\UnpackedData\Gustav\Mods\Gustav\Story\RawFiles\Goals\Act1_DEN_Misc.txt,S_GLO_Volo,2af25a85-5b9a-4794-85d3-0bd4c4d262fa,,,,,,,1,Mods/Gustav/Story/Dialogs/Act1/DEN/DEN_Volo_AD_GreetingPlayer.lsj
DEN_AttackOnDen_TieflingLeader_58770ebe-023d-e18e-6d43-7b21512f08a6,DEN_AttackOnDen_TieflingLeader,58770ebe-023d-e18e-6d43-7b21512f08a6,C:\Users\Administrator\Downloads\bg3-modders-multitool\UnpackedData\Gustav\Mods\Gustav\Story\RawFiles\Goals\Act1_DEN_Misc.txt,S_DEN_TieflingLeader,475200ee-cc3c-4dbe-84b1-1820c02ea26a,,,,,,,3,Mods/Gustav/Story/Dialogs/Act1/DEN/DEN_AttackOnDen_TieflingLeader.lsj
DEN_General_ElevatorBear_16b75a3b-b278-37b3-9a03-11e9c5acf59f,DEN_General_ElevatorBear,16b75a3b-b278-37b3-9a03-11e9c5acf59f,C:\Users\Administrator\Downloads\bg3-modders-multitool\UnpackedData\Gustav\Mods\Gustav\Story\RawFiles\Goals\Act1_DEN_Misc.txt,,,,,,,,,2,Mods/Gustav/Story/Dialogs/Act1/DEN/DEN_General_ElevatorBear.lsj
DEN_AttackOnDen_ElevatorBear_b749e5ea-1e70-813f-ef27-8d30dee5d5c6,DEN_AttackOnDen_ElevatorBear,b749e5ea-1e70-813f-ef27-8d30dee5d5c6,C:\Users\Administrator\Downloads\bg3-modders-multitool\UnpackedData\Gustav\Mods\Gustav\Story\RawFiles\Goals\Act1_DEN_Misc.txt,,,,,,,,,1,Mods/Gustav/Story/Dialogs/Act1/DEN/DEN_AttackOnDen_ElevatorBear.lsj
DEN_General_TieflingGuard5_7d3ed8cb-6b82-ccdf-3030-9f97de65b219,DEN_General_TieflingGuard5,7d3ed8cb-6b82-ccdf-3030-9f97de65b219,C:\Users\Administrator\Downloads\bg3-modders-multitool\UnpackedData\Gustav\Mods\Gustav\Story\RawFiles\Goals\Act1_DEN_Paralyzed.txt,S_DEN_Tiefling_005,e5319db6-ea86-43cc-9fd0-5ec1e0eab492,,,,,,,4,Mods/Gustav/Story/Dialogs/Act1/DEN/DEN_General_TieflingGuard5.lsj
DEN_Jailbreak_PAD_DiscoverTrap_3cc24fee-d6b7-7750-cbfd-f7937707f6e2,DEN_Jailbreak_PAD_DiscoverTrap,3cc24fee-d6b7-7750-cbfd-f7937707f6e2,C:\Users\Administrator\Downloads\bg3-modders-multitool\UnpackedData\Gustav\Mods\Gustav\Story\RawFiles\Goals\Act1_DEN_Prison.txt,,,,,,,,,1,Mods/Gustav/Story/Dialogs/Act1/DEN/DEN_Jailbreak_PAD_DiscoverTrap.lsj
DEN_RaidingParty_PleaAtTheGate_2e71ecd7-3a8e-2d46-8b37-716f6064417e,DEN_RaidingParty_PleaAtTheGate,2e71ecd7-3a8e-2d46-8b37-716f6064417e,C:\Users\Administrator\Downloads\bg3-modders-multitool\UnpackedData\Gustav\Mods\GustavDev\Story\RawFiles\Goals\GLO_TieflingLeader.txt,,,,,,,,,5,Mods/Gustav/Story/Dialogs/Act1/DEN/DEN_RaidingParty_PleaAtTheGate.lsj
DEN_RaidingParty_AdventurerAfterKO_ed1090f6-6c29-0823-196b-d2e798ccf2ca,DEN_RaidingParty_AdventurerAfterKO,ed1090f6-6c29-0823-196b-d2e798ccf2ca,C:\Users\Administrator\Downloads\bg3-modders-multitool\UnpackedData\Gustav\Mods\Gustav\Story\RawFiles\Goals\Act1_DEN_RaidingParty.txt,,,,,,,,,1,Mods/Gustav/Story/Dialogs/Act1/DEN/DEN_RaidingParty_AdventurerAfterKO.lsj
DEN_RaidingParty_AD_TieflingWakesUp_bc1edede-e286-8c68-fc3a-e5a3468d168d,DEN_RaidingParty_AD_TieflingWakesUp,bc1edede-e286-8c68-fc3a-e5a3468d168d,C:\Users\Administrator\Downloads\bg3-modders-multitool\UnpackedData\Gustav\Mods\Gustav\Story\RawFiles\Goals\Act1_DEN_RaidingParty.txt,S_DEN_TieflingLeader,475200ee-cc3c-4dbe-84b1-1820c02ea26a,,,,,,,1,Mods/Gustav/Story/Dialogs/Act1/DEN/DEN_RaidingParty_AD_TieflingWakesUp.lsj
DEN_RaidingParty_PleaAtGate_2e71ecd7-3a8e-2d46-8b37-716f6064417e,DEN_RaidingParty_PleaAtGate,2e71ecd7-3a8e-2d46-8b37-716f6064417e,C:\Users\Administrator\Downloads\bg3-modders-multitool\UnpackedData\Gustav\Mods\Gustav\Story\RawFiles\Goals\Act1_DEN_RaidingParty.txt,,,,,,,,,5,Mods/Gustav/Story/Dialogs/Act1/DEN/DEN_RaidingParty_PleaAtTheGate.lsj
DEN_GoblinRaider_Captain_AD_TakingTurn_Combat_b1c0435d-060e-2623-8531-ce136cc8221e,DEN_GoblinRaider_Captain_AD_TakingTurn_Combat,b1c0435d-060e-2623-8531-ce136cc8221e,C:\Users\Administrator\Downloads\bg3-modders-multitool\UnpackedData\Gustav\Mods\Gustav\Story\RawFiles\Goals\Act1_DEN_RaidingParty.txt,,,,,,,,,1,Mods/Gustav/Story/Dialogs/Act1/DEN/DEN_GoblinRaider_Captain_AD_TakingTurn_Combat.lsj
DEN_RaidingParty_AD_GoblinCaptain_b60b9208-94d2-6790-d636-b3c6f2fd5274,DEN_RaidingParty_AD_GoblinCaptain,b60b9208-94d2-6790-d636-b3c6f2fd5274,C:\Users\Administrator\Downloads\bg3-modders-multitool\UnpackedData\Gustav\Mods\Gustav\Story\RawFiles\Goals\Act1_DEN_RaidingParty.txt,,,,,,,,,1,Mods/Gustav/Story/Dialogs/Act1/DEN/DEN_RaidingParty_AD_GoblinCaptain.lsj
DEN_WeepingTree_Bear_aa98fb74-2a07-a047-9a1c-c7b1e8a740a2,DEN_WeepingTree_Bear,aa98fb74-2a07-a047-9a1c-c7b1e8a740a2,C:\Users\Administrator\Downloads\bg3-modders-multitool\UnpackedData\Gustav\Mods\Gustav\Story\RawFiles\Goals\Act1_DEN_SacredPond.txt,,,,,,,,,2,Mods/Gustav/Story/Dialogs/Act1/DEN/DEN_WeepingTree_Bear.lsj
DEN_SacredPond_RitualDruid1_f290a927-6c77-b671-54a1-f97b53b318ad,DEN_SacredPond_RitualDruid1,f290a927-6c77-b671-54a1-f97b53b318ad,C:\Users\Administrator\Downloads\bg3-modders-multitool\UnpackedData\Gustav\Mods\Gustav\Story\RawFiles\Goals\Act1_DEN_SacredPond.txt,,,,,,,,,1,Mods/Gustav/Story/Dialogs/Act1/DEN/DEN_SacredPond_RitualDruid1.lsj
DEN_SacredPond_RitualDruid2_3a83472c-7b32-308f-9a57-d509dbdf8243,DEN_SacredPond_RitualDruid2,3a83472c-7b32-308f-9a57-d509dbdf8243,C:\Users\Administrator\Downloads\bg3-modders-multitool\UnpackedData\Gustav\Mods\Gustav\Story\RawFiles\Goals\Act1_DEN_SacredPond.txt,,,,,,,,,1,Mods/Gustav/Story/Dialogs/Act1/DEN/DEN_SacredPond_RitualDruid2.lsj
DEN_SacredPond_RitualDruid3_53e9379b-d152-f5ae-34ce-995794ec766d,DEN_SacredPond_RitualDruid3,53e9379b-d152-f5ae-34ce-995794ec766d,C:\Users\Administrator\Downloads\bg3-modders-multitool\UnpackedData\Gustav\Mods\Gustav\Story\RawFiles\Goals\Act1_DEN_SacredPond.txt,,,,,,,,,1,Mods/Gustav/Story/Dialogs/Act1/DEN/DEN_SacredPond_RitualDruid3.lsj
DEN_SacredPond_RitualDruid4_b8e5f13e-2aac-831a-42d3-64ee9f33d969,DEN_SacredPond_RitualDruid4,b8e5f13e-2aac-831a-42d3-64ee9f33d969,C:\Users\Administrator\Downloads\bg3-modders-multitool\UnpackedData\Gustav\Mods\Gustav\Story\RawFiles\Goals\Act1_DEN_SacredPond.txt,,,,,,,,,1,Mods/Gustav/Story/Dialogs/Act1/DEN/DEN_SacredPond_RitualDruid4.lsj
DEN_SacredPond_RitualDruid5_fb9b4400-ce5c-88c0-8cdc-fabfe4247f14,DEN_SacredPond_RitualDruid5,fb9b4400-ce5c-88c0-8cdc-fabfe4247f14,C:\Users\Administrator\Downloads\bg3-modders-multitool\UnpackedData\Gustav\Mods\Gustav\Story\RawFiles\Goals\Act1_DEN_SacredPond.txt,,,,,,,,,1,Mods/Gustav/Story/Dialogs/Act1/DEN/DEN_SacredPond_RitualDruid5.lsj
DEN_GuardedEntrance_ParentsScene_f36296ac-670a-b7eb-1fcd-e36d91b6aba0,DEN_GuardedEntrance_ParentsScene,f36296ac-670a-b7eb-1fcd-e36d91b6aba0,C:\Users\Administrator\Downloads\bg3-modders-multitool\UnpackedData\Gustav\Mods\Gustav\Story\RawFiles\Goals\Act1_DEN_SacredPond_GuardedEntrance.txt,,,,,,,,,3,Mods/Gustav/Story/Dialogs/Act1/DEN/DEN_GuardedEntrance_ParentsScene.lsj
DEN_GuardedEntrance_6eab1893-c954-289a-c16a-57f4300092dd,DEN_GuardedEntrance,6eab1893-c954-289a-c16a-57f4300092dd,C:\Users\Administrator\Downloads\bg3-modders-multitool\UnpackedData\Gustav\Mods\Gustav\Story\RawFiles\Goals\Act1_DEN_SacredPond_GuardedEntrance.txt,,,,,,,,,4,Mods/Gustav/Story/Dialogs/Act1/DEN/DEN_GuardedEntrance.lsj
DEN_GuardedEntrance_SoloParentA_554b48d7-c339-3183-c13a-0ab7739ba747,DEN_GuardedEntrance_SoloParentA,554b48d7-c339-3183-c13a-0ab7739ba747,C:\Users\Administrator\Downloads\bg3-modders-multitool\UnpackedData\Gustav\Mods\Gustav\Story\RawFiles\Goals\Act1_DEN_SacredPond_GuardedEntrance.txt,S_DEN_ParentA,d6d88c8b-6ba7-4350-b3b3-d60565a44e90,,,,,,,1,Mods/Gustav/Story/Dialogs/Act1/DEN/DEN_GuardedEntrance_SoloParentA.lsj
DEN_GuardedEntrance_SoloParentB_645f9917-e691-d50b-17a2-79916dec75ce,DEN_GuardedEntrance_SoloParentB,645f9917-e691-d50b-17a2-79916dec75ce,C:\Users\Administrator\Downloads\bg3-modders-multitool\UnpackedData\Gustav\Mods\Gustav\Story\RawFiles\Goals\Act1_DEN_SacredPond_GuardedEntrance.txt,S_DEN_ParentB,397467d4-1631-447b-a505-d44275dca78e,,,,,,,1,Mods/Gustav/Story/Dialogs/Act1/DEN/DEN_GuardedEntrance_SoloParentB.lsj
DEN_ShadowDruid_SnakesCourt_459ca406-18ce-99f7-6dbe-492ea6268bb7,DEN_ShadowDruid_SnakesCourt,459ca406-18ce-99f7-6dbe-492ea6268bb7,C:\Users\Administrator\Downloads\bg3-modders-multitool\UnpackedData\Gustav\Mods\Gustav\Story\RawFiles\Goals\Act1_DEN_ShadowDruid.txt,,,,,,,,,11,Mods/Gustav/Story/Dialogs/Act1/DEN/DEN_ShadowDruid_SnakesCourt.lsj
DEN_ShadowDruid_AD_ReactToDeadKid_762ebed6-3c17-a4ae-0915-39de07c2010e,DEN_ShadowDruid_AD_ReactToDeadKid,762ebed6-3c17-a4ae-0915-39de07c2010e,C:\Users\Administrator\Downloads\bg3-modders-multitool\UnpackedData\Gustav\Mods\Gustav\Story\RawFiles\Goals\Act1_DEN_ShadowDruid.txt,,,,,,,,,2,Mods/Gustav/Story/Dialogs/Act1/DEN/DEN_ShadowDruid_AD_ReactToDeadKid.lsj
DEN_ShadowDruid_LeaderPersuaded_e66c2f8b-2c9f-35a1-6564-1aa0fc08a020,DEN_ShadowDruid_LeaderPersuaded,e66c2f8b-2c9f-35a1-6564-1aa0fc08a020,C:\Users\Administrator\Downloads\bg3-modders-multitool\UnpackedData\Gustav\Mods\Gustav\Story\RawFiles\Goals\Act1_DEN_ShadowDruid.txt,,,,,,,,,2,Mods/Gustav/Story/Dialogs/Act1/DEN/DEN_ShadowDruid_LeaderPersuaded.lsj
DEN_ShadowDruid_Denouncing_0e60d16a-0cdb-0704-e703-7943f3356443,DEN_ShadowDruid_Denouncing,0e60d16a-0cdb-0704-e703-7943f3356443,C:\Users\Administrator\Downloads\bg3-modders-multitool\UnpackedData\Gustav\Mods\Gustav\Story\RawFiles\Goals\Act1_DEN_ShadowDruid.txt,,,,,,,,,4,Mods/Gustav/Story/Dialogs/Act1/DEN/DEN_ShadowDruid_Denouncing.lsj
DEN_ShadowDruid_AD_KaghaInCombat_45107382-8f6f-39e6-288c-aa7668ca83f2,DEN_ShadowDruid_AD_KaghaInCombat,45107382-8f6f-39e6-288c-aa7668ca83f2,C:\Users\Administrator\Downloads\bg3-modders-multitool\UnpackedData\Gustav\Mods\Gustav\Story\RawFiles\Goals\Act1_DEN_ShadowDruid.txt,,,,,,,,,1,Mods/Gustav/Story/Dialogs/Act1/DEN/DEN_ShadowDruid_AD_KaghaInCombat.lsj
DEN_ShadowDruid_OpposedFaithwarden_2838438c-f376-40cf-fc64-8b3dcb64c4a6,DEN_ShadowDruid_OpposedFaithwarden,2838438c-f376-40cf-fc64-8b3dcb64c4a6,C:\Users\Administrator\Downloads\bg3-modders-multitool\UnpackedData\Gustav\Mods\Gustav\Story\RawFiles\Goals\Act1_DEN_ShadowDruid.txt,,,,,,,,,1,Mods/Gustav/Story/Dialogs/Act1/DEN/DEN_ShadowDruid_OpposedFaithwarden.lsj
DEN_Thieflings_HideoutKid_001_3bca0fee-d45c-a95f-2c45-200cb8c1f0db,DEN_Thieflings_HideoutKid_001,3bca0fee-d45c-a95f-2c45-200cb8c1f0db,C:\Users\Administrator\Downloads\bg3-modders-multitool\UnpackedData\Gustav\Mods\Gustav\Story\RawFiles\Goals\Act1_DEN_Thieflings_Hideout.txt,,,,,,,,,2,Mods/Gustav/Story/Dialogs/Act1/DEN/DEN_Thieflings_HideoutKid_001.lsj
DEN_General_GruntingKid_37a3539d-3d6a-111b-8a76-283e6915248f,DEN_General_GruntingKid,37a3539d-3d6a-111b-8a76-283e6915248f,C:\Users\Administrator\Downloads\bg3-modders-multitool\UnpackedData\Gustav\Mods\Gustav\Story\RawFiles\Goals\Act1_DEN_Thieflings_Hideout.txt,,,,,,,,,2,Mods/Gustav/Story/Dialogs/Act1/DEN/DEN_General_GruntingKid.lsj
DEN_Thieflings_AD_HideoutTrespass_ced07a44-4432-80c0-7394-b587e02d9d2e,DEN_Thieflings_AD_HideoutTrespass,ced07a44-4432-80c0-7394-b587e02d9d2e,C:\Users\Administrator\Downloads\bg3-modders-multitool\UnpackedData\Gustav\Mods\Gustav\Story\RawFiles\Goals\Act1_DEN_Thieflings_Hideout.txt,,,S_DEN_ThiefHideoutLeader,c8ab1ca6-96bb-467e-91c9-af87bc4d3925,,,,,1,Mods/Gustav/Story/Dialogs/Act1/DEN/DEN_Thieflings_AD_HideoutTrespass.lsj
DEN_Thieflings_Pickpocket_001_def4d965-3830-47db-a248-a3119d0780f3,DEN_Thieflings_Pickpocket_001,def4d965-3830-47db-a248-a3119d0780f3,C:\Users\Administrator\Downloads\bg3-modders-multitool\UnpackedData\Gustav\Mods\Gustav\Story\RawFiles\Goals\Act1_DEN_Thieflings_Pickpockets.txt,S_DEN_PickpocketTrader,e1fda08b-45d4-41db-84b5-20e9931ba5af,,,,,,,2,Mods/Gustav/Story/Dialogs/Act1/DEN/DEN_Thieflings_Pickpocket_001.lsj
DEN_Thieflings_Pickpocket_002_6745c8da-5bc2-745c-9de6-44e76547f37b,DEN_Thieflings_Pickpocket_002,6745c8da-5bc2-745c-9de6-44e76547f37b,C:\Users\Administrator\Downloads\bg3-modders-multitool\UnpackedData\Gustav\Mods\Gustav\Story\RawFiles\Goals\Act1_DEN_Thieflings_Pickpockets.txt,S_DEN_Pickpocket,540ddc1f-42c6-4347-ba03-b3cf3d3942ab,,,,,,,3,Mods/Gustav/Story/Dialogs/Act1/DEN/DEN_Thieflings_Pickpocket_002.lsj
DEN_Thieflings_AD_MerchantLeaves_c4a17297-34ad-1af4-3b70-e1bdae4dd5ae,DEN_Thieflings_AD_MerchantLeaves,c4a17297-34ad-1af4-3b70-e1bdae4dd5ae,C:\Users\Administrator\Downloads\bg3-modders-multitool\UnpackedData\Gustav\Mods\Gustav\Story\RawFiles\Goals\Act1_DEN_Thieflings_Pickpockets.txt,,,,,,,,,2,Mods/Gustav/Story/Dialogs/Act1/DEN/DEN_Thieflings_AD_MerchantLeaves.lsj
DEN_Thieflings_AdventurerRobber_Solo_9bb07c89-2ae3-668d-0186-6f27bf319113,DEN_Thieflings_AdventurerRobber_Solo,9bb07c89-2ae3-668d-0186-6f27bf319113,C:\Users\Administrator\Downloads\bg3-modders-multitool\UnpackedData\Gustav\Mods\Gustav\Story\RawFiles\Goals\Act1_DEN_Thieflings_RobbedAdventurer.txt,S_DEN_RobberKid,94e865e9-790d-4633-a378-8fb50832b5e9,,,,,,,2,Mods/Gustav/Story/Dialogs/Act1/DEN/DEN_Thieflings_AdventurerRobber_Solo.lsj
DEN_General_TieflingGuard8_cf70e412-6b17-79dc-bc64-936c5f2da8ef,DEN_General_TieflingGuard8,cf70e412-6b17-79dc-bc64-936c5f2da8ef,C:\Users\Administrator\Downloads\bg3-modders-multitool\UnpackedData\Gustav\Mods\Gustav\Story\RawFiles\Goals\Act1_DEN_Thieflings_RobbedAdventurer.txt,S_DEN_Tiefling_008,03b6fae4-d250-4ce9-9a01-19cb427deb17,,,,,,,1,Mods/Gustav/Story/Dialogs/Act1/DEN/DEN_General_TieflingGuard8.lsj
DEN_Thieflings_Adventurer_Solo_5f998ed5-a834-2115-569b-c354450a5bc8,DEN_Thieflings_Adventurer_Solo,5f998ed5-a834-2115-569b-c354450a5bc8,C:\Users\Administrator\Downloads\bg3-modders-multitool\UnpackedData\Gustav\Mods\Gustav\Story\RawFiles\Goals\Act1_DEN_Thieflings_RobbedAdventurer.txt,S_DEN_RobbedAdventurer,534bceaf-678c-40a0-8ca9-e1134f95ba0d,,,,,,,2,Mods/Gustav/Story/Dialogs/Act1/DEN/DEN_Thieflings_Adventurer_Solo.lsj
DEN_Thieflings_RobbedAdventurer_3c636813-99a5-8e3a-3cc7-937e98c86007,DEN_Thieflings_RobbedAdventurer,3c636813-99a5-8e3a-3cc7-937e98c86007,C:\Users\Administrator\Downloads\bg3-modders-multitool\UnpackedData\Gustav\Mods\Gustav\Story\RawFiles\Goals\Act1_DEN_Thieflings_RobbedAdventurer.txt,,,,,,,,,4,Mods/Gustav/Story/Dialogs/Act1/DEN/DEN_Thieflings_RobbedAdventurer.lsj
DEN_Thieflings_AD_KnockedOutAdventurer_4c420090-8557-4eb0-f57c-6af72d340f7a,DEN_Thieflings_AD_KnockedOutAdventurer,4c420090-8557-4eb0-f57c-6af72d340f7a,C:\Users\Administrator\Downloads\bg3-modders-multitool\UnpackedData\Gustav\Mods\Gustav\Story\RawFiles\Goals\Act1_DEN_Thieflings_RobbedAdventurer.txt,,,,,,,,,1,Mods/Gustav/Story/Dialogs/Act1/DEN/DEN_Thieflings_AD_KnockedOutAdventurer.lsj
DEN_TieflingBard_Bard_9305b0e8-673f-8bff-9bd4-6b644fc0b210,DEN_TieflingBard_Bard,9305b0e8-673f-8bff-9bd4-6b644fc0b210,C:\Users\Administrator\Downloads\bg3-modders-multitool\UnpackedData\Gustav\Mods\Gustav\Story\RawFiles\Goals\Act1_DEN_TieflingBard.txt,S_DEN_Bard,4a405fba-3000-4c63-97e5-a8001ebb883c,,,,,,,2,Mods/Gustav/Story/Dialogs/Act1/DEN/DEN_TieflingBard_Bard.lsj
DEN_TieflingBard_Dead_ae310491-7101-9d40-0698-003c2a74a47d,DEN_TieflingBard_Dead,ae310491-7101-9d40-0698-003c2a74a47d,C:\Users\Administrator\Downloads\bg3-modders-multitool\UnpackedData\Gustav\Mods\Gustav\Story\RawFiles\Goals\Act1_DEN_TieflingBard.txt,S_DEN_Bard,4a405fba-3000-4c63-97e5-a8001ebb883c,,,,,,,2,Mods/Gustav/Story/Dialogs/Act1/DEN/DEN_SpeakWithDead/DEN_TieflingBard_Dead.lsj
DEN_TieflingBard_Animals_e2105ca7-dcb3-f9de-dff0-2ddb4d26998e,DEN_TieflingBard_Animals,e2105ca7-dcb3-f9de-dff0-2ddb4d26998e,C:\Users\Administrator\Downloads\bg3-modders-multitool\UnpackedData\Gustav\Mods\Gustav\Story\RawFiles\Goals\Act1_DEN_TieflingBard.txt,,,S_DEN_BardSquirrel2,73f18550-4755-4e3c-9326-c328d34478af,S_DEN_BardSquirrel,efc0ba71-b3fa-4bb5-8a38-10bd0dd8b923,,,3,Mods/Gustav/Story/Dialogs/Act1/DEN/DEN_TieflingBard_Animals.lsj
DEN_TieflingLeader_ae8096d3-8c67-edd9-c9d4-8831f0dab36b,DEN_TieflingLeader,ae8096d3-8c67-edd9-c9d4-8831f0dab36b,C:\Users\Administrator\Downloads\bg3-modders-multitool\UnpackedData\Gustav\Mods\Gustav\Story\RawFiles\Goals\Act1_DEN_TieflingRefugees.txt,,,,,,,,,8,Mods/Gustav/Story/Dialogs/Act1/DEN/DEN_TieflingLeader.lsj
DEN_TorturedAdventurer_Resting_b2315435-5fda-8c48-38aa-231c448b758c,DEN_TorturedAdventurer_Resting,b2315435-5fda-8c48-38aa-231c448b758c,C:\Users\Administrator\Downloads\bg3-modders-multitool\UnpackedData\Gustav\Mods\Gustav\Story\RawFiles\Goals\Act1_GOB_HappyTorturers.txt,,,,,,,,,0,Mods/Gustav/Story/Dialogs/Act1/DEN/DEN_TorturedAdventurer_Resting.lsj
DEN_Thieflings_Trainer_f2596c8f-2b4f-0c9c-f371-e7940f4405d4,DEN_Thieflings_Trainer,f2596c8f-2b4f-0c9c-f371-e7940f4405d4,C:\Users\Administrator\Downloads\bg3-modders-multitool\UnpackedData\Gustav\Mods\Gustav\Story\RawFiles\Goals\Act1_DEN_Training.txt,,,S_DEN_Trainee_001,1f839ad2-2bcb-47d2-8de9-db7a1fb5d67f,,,,,3,Mods/Gustav/Story/Dialogs/Act1/DEN/DEN_Thieflings_Trainer.lsj
CAMP_GoblinHuntCelebration_TieflingLeader_2ac7bfcd-6130-6eab-8496-ba4a7b1fdc3f,CAMP_GoblinHuntCelebration_TieflingLeader,2ac7bfcd-6130-6eab-8496-ba4a7b1fdc3f,C:\Users\Administrator\Downloads\bg3-modders-multitool\UnpackedData\Gustav\Mods\Gustav\Story\RawFiles\Goals\Act1_DEN_Victory.txt,S_DEN_TieflingLeader,475200ee-cc3c-4dbe-84b1-1820c02ea26a,,,,,,,1,Mods/Gustav/Story/Dialogs/Camp/NPCs/CAMP_GoblinHuntCelebration_TieflingLeader.lsj
DEN_Victory_Transition_50787765-f63b-996d-f7d5-b54cbe716a09,DEN_Victory_Transition,50787765-f63b-996d-f7d5-b54cbe716a09,C:\Users\Administrator\Downloads\bg3-modders-multitool\UnpackedData\Gustav\Mods\Gustav\Story\RawFiles\Goals\Act1_DEN_Victory.txt,,,,,,,,,1,Mods/Gustav/Story/Dialogs/Act1/DEN/DEN_Victory_Transition.lsj
Wyll_Recruitment_PostDruidAttack_PostEA_3c61d907-0397-abae-bf10-6ca114d84d0c,Wyll_Recruitment_PostDruidAttack_PostEA,3c61d907-0397-abae-bf10-6ca114d84d0c,C:\Users\Administrator\Downloads\bg3-modders-multitool\UnpackedData\Gustav\Mods\GustavDev\Story\RawFiles\Goals\Act1_DEN_WyllRecruitment.txt,,,,,,,,,5,Mods/GustavDev/Story/Dialogs/Companions/Wyll_Recruitment_PostDruidAttack_PostEA.lsj
DEN_VoloTravel_942e99d5-07ca-d6ed-3376-a30be6d22b54,DEN_VoloTravel,942e99d5-07ca-d6ed-3376-a30be6d22b54,C:\Users\Administrator\Downloads\bg3-modders-multitool\UnpackedData\Gustav\Mods\Gustav\Story\RawFiles\Goals\Act1_DEN_VoloTravel.txt,,,,,,,,,3,Mods/Gustav/Story/Dialogs/Act1/DEN/DEN_VoloTravel.lsj
